,#filename,file_size,file_attributes,region_count,region_id,region_shape_attributes,region_attributes
0,[www.shutterstock.com][0]little-girl-standing-protective-mask-260nw-292711334.jpg,5406,{},1,0,"{""name"":""rect"",""x"":23,""y"":12,""width"":48,""height"":52}",{}
1,[www.shutterstock.com][0]woman-wearing-face-mask-protect-260nw-1661680150.jpg,4529,{},1,0,"{""name"":""rect"",""x"":12,""y"":9,""width"":35,""height"":54}",{}
2,[www.shutterstock.com][1]woman-mask-outdoor-air-pollution-260nw-1673804179.jpg,7070,{},1,0,"{""name"":""rect"",""x"":25,""y"":14,""width"":42,""height"":61}",{}
3,[www.shutterstock.com][1]woman-wearing-hygiene-protective-mask-260nw-1673364826.jpg,4696,{},1,0,"{""name"":""rect"",""x"":46,""y"":13,""width"":37,""height"":31}",{}
4,[www.shutterstock.com][3]air-pollution-city-woman-wearing-260nw-1135103132.jpg,5930,{},1,0,"{""name"":""rect"",""x"":25,""y"":9,""width"":47,""height"":64}",{}
5,[www.shutterstock.com][3]handsomeman-wearing-face-mask-protect-260nw-1612917961.jpg,7028,{},1,0,"{""name"":""rect"",""x"":40,""y"":2,""width"":49,""height"":66}",{}
6,[www.shutterstock.com][3]young-happy-pretty-asian-chinese-260nw-780081760.jpg,8312,{},1,0,"{""name"":""rect"",""x"":16,""y"":11,""width"":29,""height"":34}",{}
7,[www.shutterstock.com][5]woman-wearing-hygiene-protective-mask-260nw-1673364811.jpg,4496,{},1,0,"{""name"":""rect"",""x"":50,""y"":11,""width"":27,""height"":34}",{}
8,[www.shutterstock.com][6]african-american-man-out-about-260nw-1684870063.jpg,7941,{},1,0,"{""name"":""rect"",""x"":54,""y"":30,""width"":23,""height"":21}",{}
9,[www.shutterstock.com][7]asian-young-woman-pastry-shop-260nw-1685236198.jpg,3112,{},1,0,"{""name"":""rect"",""x"":67,""y"":12,""width"":26,""height"":32}",{}
10,[www.shutterstock.com][9]asian-little-child-girl-wearing-260nw-1637084866.jpg,5181,{},1,0,"{""name"":""rect"",""x"":13,""y"":17,""width"":40,""height"":57}",{}
11,[www.shutterstock.com][10]woman-wearing-protective-mask-protect-260nw-623974037.jpg,5490,{},1,0,"{""name"":""rect"",""x"":38,""y"":4,""width"":45,""height"":52}",{}
12,[www.shutterstock.com][11]asian-people-wear-n95-masks-260nw-1685337784.jpg,3417,{},1,0,"{""name"":""rect"",""x"":32,""y"":18,""width"":39,""height"":50}",{}
13,[www.shutterstock.com][11]schoolgirl-wearing-protective-face-mask-260nw-1682173690.jpg,5249,{},1,0,"{""name"":""rect"",""x"":18,""y"":17,""width"":53,""height"":37}",{}
14,[www.shutterstock.com][11]spain-people-wears-face-mask-260nw-1678667329.jpg,5459,{},1,0,"{""name"":""rect"",""x"":25,""y"":4,""width"":58,""height"":76}",{}
15,[www.shutterstock.com][12]handsomeman-wearing-face-mask-protect-260nw-1659278572.jpg,7023,{},1,0,"{""name"":""rect"",""x"":42,""y"":2,""width"":42,""height"":52}",{}
16,[www.shutterstock.com][13]unknown-man-wearing-face-mask-260nw-182992412.jpg,6908,{},1,0,"{""name"":""rect"",""x"":8,""y"":9,""width"":41,""height"":48}",{}
17,[www.shutterstock.com][14]women-her-luggage-trolley-wearing-260nw-1657854469.jpg,8669,{},1,0,"{""name"":""rect"",""x"":41,""y"":3,""width"":42,""height"":41}",{}
18,[www.shutterstock.com][17]asian-woman-suffer-cough-face-260nw-1636909246.jpg,6685,{},1,0,"{""name"":""rect"",""x"":32,""y"":25,""width"":27,""height"":40}",{}
19,[www.shutterstock.com][17]handsomeman-wearing-face-mask-protect-260nw-1633121719.jpg,5895,{},1,0,"{""name"":""rect"",""x"":10,""y"":2,""width"":46,""height"":53}",{}
20,[www.shutterstock.com][17]young-stylish-hipster-wearing-protective-260nw-1683818785.jpg,7405,{},1,0,"{""name"":""rect"",""x"":32,""y"":3,""width"":44,""height"":55}",{}
21,[www.shutterstock.com][18]woman-wearing-hygiene-protective-mask-260nw-1673365687.jpg,4808,{},1,0,"{""name"":""rect"",""x"":49,""y"":11,""width"":35,""height"":48}",{}
22,[www.shutterstock.com][19]african-american-man-out-about-260nw-1684870030.jpg,7873,{},1,0,"{""name"":""rect"",""x"":32,""y"":1,""width"":30,""height"":35}",{}
23,[www.shutterstock.com][20]african-american-man-out-about-260nw-1684929196.jpg,6824,{},1,0,"{""name"":""rect"",""x"":33,""y"":1,""width"":36,""height"":51}",{}
24,[www.shutterstock.com][20]asian-woman-wearing-face-mask-260nw-221766439.jpg,5710,{},1,0,"{""name"":""rect"",""x"":53,""y"":9,""width"":46,""height"":55}",{}
25,[www.shutterstock.com][23]men-wearing-mask-studio-260nw-1363920299.jpg,4242,{},1,0,"{""name"":""rect"",""x"":57,""y"":8,""width"":24,""height"":34}",{}
26,[www.shutterstock.com][24]coronavirus-covid19-concept-unhealthy-asian-260nw-1667230213.jpg,7391,{},1,0,"{""name"":""rect"",""x"":50,""y"":9,""width"":29,""height"":42}",{}
27,[www.shutterstock.com][24]woman-suffer-sick-wearing-face-260nw-628637300.jpg,6541,{},1,0,"{""name"":""rect"",""x"":15,""y"":8,""width"":31,""height"":37}",{}
28,[www.shutterstock.com][26]african-american-man-out-about-260nw-1684903000.jpg,7571,{},1,0,"{""name"":""rect"",""x"":39,""y"":2,""width"":27,""height"":34}",{}
29,[www.shutterstock.com][26]girls-protected-viruses-by-wearing-260nw-1671112144.jpg,8528,{},1,0,"{""name"":""rect"",""x"":44,""y"":4,""width"":38,""height"":51}",{}
30,[www.shutterstock.com][28]protect-self-virus-asian-woman-260nw-1660830559.jpg,5294,{},1,0,"{""name"":""rect"",""x"":24,""y"":17,""width"":22,""height"":36}",{}
31,[www.shutterstock.com][29]young-woman-face-mask-street-260nw-423879823.jpg,5777,{},1,0,"{""name"":""rect"",""x"":34,""y"":10,""width"":38,""height"":75}",{}
32,[www.shutterstock.com][30]patient-woman-wearing-face-mask-260nw-1668521170.jpg,4586,{},1,0,"{""name"":""rect"",""x"":55,""y"":1,""width"":45,""height"":61}",{}
33,[www.shutterstock.com][32]model-girl-dress-facial-protective-260nw-1672572979.jpg,4169,{},1,0,"{""name"":""rect"",""x"":29,""y"":2,""width"":22,""height"":27}",{}
34,[www.shutterstock.com][34]handsomeman-wearing-face-mask-protect-260nw-1679563846.jpg,6443,{},1,0,"{""name"":""rect"",""x"":1,""y"":2,""width"":62,""height"":68}",{}
35,[www.shutterstock.com][36]young-man-protecting-face-against-260nw-1680598384.jpg,4607,{},1,0,"{""name"":""rect"",""x"":24,""y"":2,""width"":45,""height"":57}",{}
36,[www.shutterstock.com][37]businessman-walking-outdoor-briefcase-wearing-260nw-792636646.jpg,7343,{},1,0,"{""name"":""rect"",""x"":57,""y"":7,""width"":14,""height"":25}",{}
37,[www.shutterstock.com][39]child-boy-outdoors-face-mask-260nw-1668148387.jpg,6354,{},1,0,"{""name"":""rect"",""x"":38,""y"":0,""width"":54,""height"":85}",{}
38,[www.shutterstock.com][45]asia-child-who-have-wear-260nw-1290822055.jpg,4392,{},1,0,"{""name"":""rect"",""x"":32,""y"":3,""width"":60,""height"":84}",{}
39,[www.shutterstock.com][47]woman-wearing-face-mask-protect-260nw-1606264942.jpg,7329,{},1,0,"{""name"":""rect"",""x"":55,""y"":9,""width"":44,""height"":83}",{}
40,[www.shutterstock.com][47]woman-wearing-face-mask-protect-260nw-1618333834.jpg,4982,{},1,0,"{""name"":""rect"",""x"":42,""y"":41,""width"":21,""height"":32}",{}
41,[www.shutterstock.com][49]woman-feeling-sick-train-platform-260nw-405163174.jpg,8234,{},1,0,"{""name"":""rect"",""x"":24,""y"":4,""width"":34,""height"":51}",{}
42,[www.shutterstock.com][52]handsomeman-wearing-face-mask-protect-260nw-1643082709.jpg,6209,{},1,0,"{""name"":""rect"",""x"":25,""y"":8,""width"":28,""height"":41}",{}
43,[www.shutterstock.com][52]schoolgirl-wearing-protective-face-mask-260nw-1682176450.jpg,5659,{},1,0,"{""name"":""rect"",""x"":26,""y"":11,""width"":38,""height"":43}",{}
44,[www.shutterstock.com][55]protect-self-virus-asian-woman-260nw-1679264134.jpg,4410,{},1,0,"{""name"":""rect"",""x"":19,""y"":22,""width"":38,""height"":42}",{}
45,[www.shutterstock.com][56]man-using-pollution-mask-asia-260nw-1381348199.jpg,8544,{},1,0,"{""name"":""rect"",""x"":14,""y"":8,""width"":34,""height"":50}",{}
46,[www.shutterstock.com][59]man-medical-face-mask-wrong-260nw-1683255184.jpg,6735,{},1,0,"{""name"":""rect"",""x"":4,""y"":3,""width"":88,""height"":75}",{}
47,[www.shutterstock.com][60]asian-kid-girl-age-7-260nw-1099397441.jpg,3302,{},1,0,"{""name"":""rect"",""x"":16,""y"":10,""width"":36,""height"":48}",{}
48,[www.shutterstock.com][63]schoolgirl-wearing-protective-face-mask-260nw-1682173687.jpg,6466,{},1,0,"{""name"":""rect"",""x"":16,""y"":6,""width"":56,""height"":45}",{}
49,[www.shutterstock.com][63]studio-portrait-asia-young-woman-260nw-1671766624.jpg,3915,{},1,0,"{""name"":""rect"",""x"":36,""y"":12,""width"":35,""height"":57}",{}
50,[www.shutterstock.com][64]handsomeman-wearing-face-mask-protect-260nw-1647588088.jpg,6149,{},1,0,"{""name"":""rect"",""x"":43,""y"":2,""width"":49,""height"":54}",{}
51,[www.shutterstock.com][66]woman-wearing-hygiene-protective-mask-260nw-1673364775.jpg,4599,{},1,0,"{""name"":""rect"",""x"":40,""y"":3,""width"":41,""height"":50}",{}
52,[www.shutterstock.com][68]african-american-man-out-about-260nw-1684903012.jpg,7848,{},1,0,"{""name"":""rect"",""x"":34,""y"":6,""width"":39,""height"":54}",{}
53,[www.shutterstock.com][68]face-woman-wearing-mask-260nw-196158527.jpg,5317,{},1,0,"{""name"":""rect"",""x"":20,""y"":0,""width"":75,""height"":93}",{}
54,[www.shutterstock.com][70]close-one-young-asian-man-260nw-1687134346.jpg,7538,{},1,0,"{""name"":""rect"",""x"":30,""y"":6,""width"":46,""height"":50}",{}
55,[www.shutterstock.com][70]woman-wear-protective-face-mask-260nw-1671963361.jpg,4538,{},1,0,"{""name"":""rect"",""x"":42,""y"":8,""width"":39,""height"":59}",{}
56,[www.shutterstock.com][73]asian-woman-wearing-virus-protective-260nw-1638134875.jpg,8610,{},1,0,"{""name"":""rect"",""x"":37,""y"":2,""width"":55,""height"":69}",{}
57,[www.shutterstock.com][75]asian-men-wear-n95-masks-260nw-1685338507.jpg,4010,{},1,0,"{""name"":""rect"",""x"":28,""y"":15,""width"":44,""height"":43}",{}
58,[www.shutterstock.com][75]businessman-using-antipollution-mask-260nw-778300384.jpg,6675,{},1,0,"{""name"":""rect"",""x"":13,""y"":1,""width"":35,""height"":54}",{}
59,[www.shutterstock.com][75]image-face-young-asian-man-260nw-1636467124.jpg,6123,{},1,0,"{""name"":""rect"",""x"":7,""y"":1,""width"":45,""height"":67}",{}
60,[www.shutterstock.com][76]asian-woman-going-work-wears-260nw-1506907358.jpg,5879,{},1,0,"{""name"":""rect"",""x"":68,""y"":12,""width"":23,""height"":35}",{}
61,[www.shutterstock.com][76]asian-woman-wearing-virus-protective-260nw-1638134665.jpg,5222,{},1,0,"{""name"":""rect"",""x"":30,""y"":15,""width"":58,""height"":79}",{}
62,[www.shutterstock.com][76]man-medical-face-mask-wrong-260nw-1683255181.jpg,6169,{},1,0,"{""name"":""rect"",""x"":23,""y"":12,""width"":51,""height"":45}",{}
63,[www.shutterstock.com][77]american-sick-boy-wears-safety-260nw-1678667326.jpg,4862,{},1,0,"{""name"":""rect"",""x"":21,""y"":0,""width"":60,""height"":91}",{}
64,[www.shutterstock.com][77]handsomeman-wearing-face-mask-protect-260nw-1659278566.jpg,5669,{},1,0,"{""name"":""rect"",""x"":50,""y"":2,""width"":40,""height"":66}",{}
65,[www.shutterstock.com][78]asian-woman-suffer-cough-face-260nw-1637781478.jpg,6204,{},1,0,"{""name"":""rect"",""x"":17,""y"":23,""width"":53,""height"":56}",{}
66,[www.shutterstock.com][78]time-protect-all-elegant-man-260nw-1628260231.jpg,4635,{},1,0,"{""name"":""rect"",""x"":43,""y"":2,""width"":40,""height"":51}",{}
67,[www.shutterstock.com][79]woman-wearing-hygiene-protective-mask-260nw-1673364757.jpg,4472,{},1,0,"{""name"":""rect"",""x"":40,""y"":5,""width"":46,""height"":52}",{}
68,[www.shutterstock.com][81]asian-woman-wear-face-mask-260nw-269158007.jpg,5307,{},1,0,"{""name"":""rect"",""x"":1,""y"":7,""width"":40,""height"":59}",{}
69,[www.shutterstock.com][81]woman-mask-outdoor-air-pollution-260nw-1673804176.jpg,7384,{},1,0,"{""name"":""rect"",""x"":37,""y"":26,""width"":30,""height"":31}",{}
70,[www.shutterstock.com][82]woman-wearing-face-mask-city-260nw-405350698.jpg,7231,{},1,0,"{""name"":""rect"",""x"":44,""y"":8,""width"":31,""height"":44}",{}
71,[www.shutterstock.com][84]asian-man-wearing-face-mask-260nw-1654082161.jpg,7398,{},1,0,"{""name"":""rect"",""x"":14,""y"":12,""width"":30,""height"":44}",{}
72,[www.shutterstock.com][84]asian-woman-wearing-virus-protective-260nw-1637318572.jpg,5367,{},1,0,"{""name"":""rect"",""x"":2,""y"":9,""width"":73,""height"":83}",{}
73,[www.shutterstock.com][84]head-man-modern-gas-mask-260nw-197410172.jpg,5488,{},1,0,"{""name"":""rect"",""x"":19,""y"":7,""width"":58,""height"":84}",{}
74,[www.shutterstock.com][85]asian-business-woman-wearing-protective-260nw-1550527979.jpg,7573,{},1,0,"{""name"":""rect"",""x"":4,""y"":3,""width"":34,""height"":40}",{}
75,[www.shutterstock.com][87]portrait-asian-children-girl-wear-260nw-1569804286.jpg,6126,{},1,0,"{""name"":""rect"",""x"":27,""y"":3,""width"":45,""height"":55}",{}
76,[www.shutterstock.com][88]beautiful-female-outdoor-cafe-mask-260nw-1674025513.jpg,7516,{},1,0,"{""name"":""rect"",""x"":19,""y"":15,""width"":30,""height"":42}",{}
77,[www.shutterstock.com][89]asia-woman-wearing-black-face-260nw-1672385008.jpg,5432,{},1,0,"{""name"":""rect"",""x"":9,""y"":4,""width"":47,""height"":71}",{}
78,[www.shutterstock.com][89]woman-wearing-hygiene-protective-mask-260nw-1673364784.jpg,4891,{},1,0,"{""name"":""rect"",""x"":36,""y"":8,""width"":50,""height"":49}",{}
79,[www.shutterstock.com][91]sick-asian-child-girl-student-260nw-1622687230.jpg,7347,{},1,0,"{""name"":""rect"",""x"":32,""y"":1,""width"":52,""height"":70}",{}
80,[www.shutterstock.com][92]coronavirus-quarantine-portrait-young-european-260nw-1679133754.jpg,6362,{},1,0,"{""name"":""rect"",""x"":4,""y"":6,""width"":47,""height"":67}",{}
81,[www.shutterstock.com][93]long-haired-thai-girl-wearing-260nw-1630821460.jpg,5833,{},1,0,"{""name"":""rect"",""x"":43,""y"":2,""width"":48,""height"":65}",{}
82,[www.shutterstock.com][94]portrait-close-african-american-man-260nw-1684903003.jpg,6689,{},1,0,"{""name"":""rect"",""x"":27,""y"":5,""width"":43,""height"":73}",{}
83,[www.shutterstock.com][94]woman-wearing-hygiene-protective-mask-260nw-1673364829.jpg,5156,{},1,0,"{""name"":""rect"",""x"":39,""y"":6,""width"":46,""height"":58}",{}
84,[www.shutterstock.com][95]asian-woman-wearing-face-mask-260nw-1668119146.jpg,4105,{},1,0,"{""name"":""rect"",""x"":50,""y"":5,""width"":35,""height"":53}",{}
85,[www.shutterstock.com][95]concept-coronavirus-quarantine-merscov-novel-260nw-1686925531.jpg,6081,{},1,0,"{""name"":""rect"",""x"":39,""y"":6,""width"":53,""height"":61}",{}
86,[www.shutterstock.com][95]girl-mask-protect-her-corona-260nw-1655750965.jpg,4575,{},1,0,"{""name"":""rect"",""x"":36,""y"":12,""width"":49,""height"":72}",{}
87,[www.shutterstock.com][98]close-kid-face-wearing-medical-260nw-1684197643.jpg,5258,{},1,0,"{""name"":""rect"",""x"":6,""y"":2,""width"":70,""height"":91}",{}
88,[www.shutterstock.com][101]asian-woman-wearing-virus-protective-260nw-1637408680.jpg,5333,{},1,0,"{""name"":""rect"",""x"":22,""y"":5,""width"":61,""height"":88}",{}
89,[www.shutterstock.com][101]portrait-sick-man-wearing-medical-260nw-1631088379.jpg,5424,{},1,0,"{""name"":""rect"",""x"":22,""y"":6,""width"":62,""height"":78}",{}
90,[www.shutterstock.com][102]asian-girl-anti-dust-air-260nw-1546537400.jpg,7216,{},1,0,"{""name"":""rect"",""x"":35,""y"":23,""width"":35,""height"":39}",{}
91,[www.shutterstock.com][102]asian-woman-wearing-white-mask-260nw-1350639524.jpg,4624,{},1,0,"{""name"":""rect"",""x"":50,""y"":44,""width"":16,""height"":16}",{}
92,[www.shutterstock.com][103]woman-wearing-face-mask-protect-260nw-1627533535.jpg,6585,{},1,0,"{""name"":""rect"",""x"":33,""y"":12,""width"":33,""height"":45}",{}
93,[www.shutterstock.com][104]asian-man-feeling-unwell-outdoor-260nw-421528828.jpg,6034,{},1,0,"{""name"":""rect"",""x"":51,""y"":0,""width"":46,""height"":60}",{}
94,[www.shutterstock.com][105]asian-woman-suffer-cough-face-260nw-1640303212.jpg,6026,{},1,0,"{""name"":""rect"",""x"":41,""y"":14,""width"":43,""height"":59}",{}
95,[www.shutterstock.com][105]closeup-caucasian-man-face-wearing-260nw-1686404194.jpg,4026,{},1,0,"{""name"":""rect"",""x"":1,""y"":0,""width"":46,""height"":90}",{}
96,[www.shutterstock.com][108]concept-air-pollution-asian-young-260nw-581780170.jpg,4185,{},1,0,"{""name"":""rect"",""x"":1,""y"":0,""width"":63,""height"":75}",{}
97,[www.shutterstock.com][109]woman-wearing-face-mask-protect-260nw-1676125846.jpg,5481,{},1,0,"{""name"":""rect"",""x"":13,""y"":2,""width"":82,""height"":83}",{}
98,[www.shutterstock.com][111]female-medical-worker-wearing-protective-260nw-1677297304.jpg,4076,{},1,0,"{""name"":""rect"",""x"":18,""y"":7,""width"":35,""height"":74}",{}
99,[www.shutterstock.com][111]woman-wearing-hygiene-protective-mask-260nw-1673364772.jpg,4009,{},1,0,"{""name"":""rect"",""x"":48,""y"":11,""width"":29,""height"":37}",{}
100,[www.shutterstock.com][112]asian-man-wearing-n95-respiratory-260nw-1505773505.jpg,6196,{},1,0,"{""name"":""rect"",""x"":21,""y"":26,""width"":44,""height"":46}",{}
101,[www.shutterstock.com][121]woman-protective-mask-walking-city-260nw-1639590220.jpg,7330,{},1,0,"{""name"":""rect"",""x"":11,""y"":1,""width"":53,""height"":62}",{}
102,[www.shutterstock.com][121]woman-wearing-hygiene-protective-mask-260nw-1673364823.jpg,5781,{},1,0,"{""name"":""rect"",""x"":28,""y"":5,""width"":60,""height"":69}",{}
103,[www.shutterstock.com][128]asian-girl-wearing-face-mask-260nw-1640303203.jpg,6052,{},1,0,"{""name"":""rect"",""x"":35,""y"":21,""width"":44,""height"":62}",{}
104,[www.shutterstock.com][128]asian-woman-protective-medical-mask-260nw-1645492597.jpg,3569,{},1,0,"{""name"":""rect"",""x"":28,""y"":8,""width"":44,""height"":53}",{}
105,[www.shutterstock.com][133]woman-wearing-medical-face-mask-260nw-368558372.jpg,6063,{},1,0,"{""name"":""rect"",""x"":24,""y"":3,""width"":45,""height"":59}",{}
106,[www.shutterstock.com][134]asian-woman-suffer-cough-face-260nw-1637062252.jpg,5808,{},1,0,"{""name"":""rect"",""x"":28,""y"":3,""width"":51,""height"":54}",{}
107,[www.shutterstock.com][141]man-beg-someone-please-stop-260nw-1679469775.jpg,4878,{},1,0,"{""name"":""rect"",""x"":41,""y"":8,""width"":33,""height"":55}",{}
108,[www.shutterstock.com][144]child-boy-outdoors-face-black-260nw-1674303130.jpg,6331,{},1,0,"{""name"":""rect"",""x"":51,""y"":10,""width"":41,""height"":74}",{}
109,[www.shutterstock.com][144]man-wear-white-face-mask-260nw-1449345206.jpg,4209,{},1,0,"{""name"":""rect"",""x"":6,""y"":38,""width"":40,""height"":46}",{}
110,[www.shutterstock.com][145]young-woman-protective-medical-mask-260nw-1677102010.jpg,4224,{},1,0,"{""name"":""rect"",""x"":30,""y"":1,""width"":35,""height"":48}",{}
111,[www.shutterstock.com][148]pretty-asian-woman-wearing-face-260nw-47970601.jpg,6551,{},1,0,"{""name"":""rect"",""x"":42,""y"":15,""width"":37,""height"":52}",{}
112,[www.shutterstock.com][152]unhappy-woman-wearing-face-mask-260nw-184458878.jpg,6689,{},1,0,"{""name"":""rect"",""x"":5,""y"":1,""width"":47,""height"":70}",{}
113,[www.shutterstock.com][153]african-american-man-out-about-260nw-1684929202.jpg,7357,{},1,0,"{""name"":""rect"",""x"":31,""y"":9,""width"":35,""height"":49}",{}
114,[www.shutterstock.com][156]asian-man-suffer-cough-face-260nw-1636950844.jpg,6278,{},1,0,"{""name"":""rect"",""x"":33,""y"":19,""width"":32,""height"":46}",{}
115,[www.shutterstock.com][156]asian-woman-suffer-cough-face-260nw-1636950838.jpg,6065,{},1,0,"{""name"":""rect"",""x"":15,""y"":25,""width"":35,""height"":43}",{}
116,[www.shutterstock.com][160]closeup-unhappy-woman-wearing-face-260nw-184458884.jpg,5573,{},1,0,"{""name"":""rect"",""x"":2,""y"":0,""width"":84,""height"":91}",{}
117,[www.shutterstock.com][160]detail-young-caucasian-woman-wearing-260nw-1681981459.jpg,6169,{},1,0,"{""name"":""rect"",""x"":10,""y"":1,""width"":82,""height"":92}",{}
118,[www.shutterstock.com][160]old-man-wear-mask-get-260nw-1255777687.jpg,6999,{},1,0,"{""name"":""rect"",""x"":43,""y"":9,""width"":28,""height"":37}",{}
119,[www.shutterstock.com][161]studio-portrait-asia-young-woman-260nw-1671759595.jpg,4435,{},1,0,"{""name"":""rect"",""x"":36,""y"":16,""width"":29,""height"":34}",{}
120,[www.shutterstock.com][162]woman-wearing-hygiene-protective-mask-260nw-1673364805.jpg,4894,{},1,0,"{""name"":""rect"",""x"":45,""y"":11,""width"":34,""height"":47}",{}
121,[www.shutterstock.com][163]woman-wearing-hygiene-protective-mask-260nw-1673364802.jpg,4755,{},1,0,"{""name"":""rect"",""x"":24,""y"":2,""width"":25,""height"":31}",{}
122,[www.shutterstock.com][167]woman-wearing-face-mask-protect-260nw-1657699321.jpg,7600,{},1,0,"{""name"":""rect"",""x"":15,""y"":14,""width"":35,""height"":49}",{}
123,[www.shutterstock.com][168]asian-man-suffer-cough-face-260nw-1637062255.jpg,7107,{},1,0,"{""name"":""rect"",""x"":33,""y"":15,""width"":34,""height"":44}",{}
124,[www.shutterstock.com][168]coronavirus-fashionable-medical-face-mask-260nw-1685450116.jpg,6418,{},1,0,"{""name"":""rect"",""x"":29,""y"":10,""width"":56,""height"":52}",{}
125,[www.shutterstock.com][168]pm25-people-feeling-sick-air-260nw-1642906543.jpg,6360,{},1,0,"{""name"":""rect"",""x"":13,""y"":4,""width"":61,""height"":75}",{}
126,[www.shutterstock.com][170]woman-wearing-hygiene-protective-mask-260nw-1673364832.jpg,5563,{},1,0,"{""name"":""rect"",""x"":42,""y"":12,""width"":46,""height"":65}",{}
127,[www.shutterstock.com][178]woman-wearing-face-mask-protect-260nw-1684697497.jpg,5661,{},1,0,"{""name"":""rect"",""x"":40,""y"":8,""width"":40,""height"":55}",{}
128,[www.shutterstock.com][180]girl-child-medical-mask-on-260nw-773740630.jpg,4337,{},1,0,"{""name"":""rect"",""x"":12,""y"":3,""width"":42,""height"":50}",{}
129,[www.shutterstock.com][184]african-american-man-wearing-face-260nw-1684870051.jpg,5722,{},1,0,"{""name"":""rect"",""x"":22,""y"":7,""width"":24,""height"":22}",{}
130,[www.shutterstock.com][186]woman-suffer-sick-wearing-face-260nw-618335750.jpg,6351,{},1,0,"{""name"":""rect"",""x"":8,""y"":7,""width"":36,""height"":48}",{}
131,[www.shutterstock.com][187]happy-beautiful-young-woman-protective-260nw-645938941.jpg,8415,{},1,0,"{""name"":""rect"",""x"":22,""y"":15,""width"":21,""height"":33}",{}
132,[www.shutterstock.com][190]asian-little-child-girl-wearing-260nw-1637906494.jpg,4977,{},1,0,"{""name"":""rect"",""x"":21,""y"":15,""width"":37,""height"":60}",{}
133,[www.shutterstock.com][192]asian-woman-going-work-wearing-260nw-1302689761.jpg,5242,{},1,0,"{""name"":""rect"",""x"":44,""y"":6,""width"":36,""height"":45}",{}
134,[www.shutterstock.com][195]asian-chinese-girl-wearing-white-260nw-1676686519.jpg,5182,{},1,0,"{""name"":""rect"",""x"":25,""y"":7,""width"":46,""height"":57}",{}
135,[www.shutterstock.com][195]caucasian-male-traveler-medical-face-260nw-1676421142.jpg,8742,{},1,0,"{""name"":""rect"",""x"":10,""y"":5,""width"":29,""height"":48}",{}
136,[www.shutterstock.com][198]asian-child-wearing-mask-over-260nw-371533387.jpg,5645,{},1,0,"{""name"":""rect"",""x"":22,""y"":13,""width"":49,""height"":43}",{}
137,[www.shutterstock.com][202]woman-wearing-face-mask-because-260nw-1684038547.jpg,6497,{},1,0,"{""name"":""rect"",""x"":28,""y"":20,""width"":35,""height"":41}",{}
138,[www.shutterstock.com][203]asian-man-suffer-cough-face-260nw-1636950850.jpg,6979,{},1,0,"{""name"":""rect"",""x"":37,""y"":18,""width"":25,""height"":40}",{}
139,[www.shutterstock.com][205]young-guy-face-mask-riding-260nw-444093634.jpg,8495,{},1,0,"{""name"":""rect"",""x"":41,""y"":19,""width"":38,""height"":31}",{}
140,[www.shutterstock.com][206]young-man-background-open-air-260nw-1671464419.jpg,6128,{},1,0,"{""name"":""rect"",""x"":34,""y"":4,""width"":22,""height"":26}",{}
141,[www.shutterstock.com][207]woman-wearing-face-mask-protect-260nw-1671151912.jpg,4823,{},1,0,"{""name"":""rect"",""x"":14,""y"":1,""width"":40,""height"":57}",{}
142,[www.shutterstock.com][210]woman-wearing-hygiene-protective-mask-260nw-1671915544.jpg,4960,{},1,0,"{""name"":""rect"",""x"":52,""y"":11,""width"":36,""height"":37}",{}
143,[www.shutterstock.com][212]asian-girl-wearing-n95-mask-260nw-1567245748.jpg,3838,{},1,0,"{""name"":""rect"",""x"":24,""y"":16,""width"":43,""height"":51}",{}
144,[www.shutterstock.com][214]handsomeman-wearing-face-mask-protect-260nw-1659278563.jpg,6743,{},1,0,"{""name"":""rect"",""x"":28,""y"":1,""width"":37,""height"":51}",{}
145,[www.shutterstock.com][216]asian-girl-wearing-n95-mask-260nw-1567245745.jpg,3789,{},1,0,"{""name"":""rect"",""x"":33,""y"":13,""width"":38,""height"":55}",{}
146,[www.shutterstock.com][220]coronavirus-quarantine-portrait-young-european-260nw-1679133748.jpg,6005,{},1,0,"{""name"":""rect"",""x"":9,""y"":8,""width"":47,""height"":62}",{}
147,[www.shutterstock.com][222]asian-man-wearing-face-mask-260nw-1679524273.jpg,8139,{},1,0,"{""name"":""rect"",""x"":12,""y"":11,""width"":34,""height"":48}",{}
148,[www.shutterstock.com][223]asian-woman-suffer-cough-face-260nw-1636950829.jpg,6350,{},1,0,"{""name"":""rect"",""x"":32,""y"":20,""width"":31,""height"":54}",{}
149,[www.shutterstock.com][223]woman-wearing-hygiene-protective-mask-260nw-1666935976.jpg,7169,{},1,0,"{""name"":""rect"",""x"":44,""y"":12,""width"":34,""height"":45}",{}
150,[www.shutterstock.com][226]woman-wearing-face-mask-protect-260nw-1624103818.jpg,6386,{},1,0,"{""name"":""rect"",""x"":37,""y"":18,""width"":39,""height"":46}",{}
151,[www.shutterstock.com][227]woman-mask-outdoor-air-pollution-260nw-1673804170.jpg,7521,{},1,0,"{""name"":""rect"",""x"":33,""y"":21,""width"":37,""height"":37}",{}
152,[www.shutterstock.com][227]woman-wearing-hygiene-protective-mask-260nw-1673364793.jpg,4652,{},1,0,"{""name"":""rect"",""x"":34,""y"":6,""width"":25,""height"":30}",{}
153,[www.shutterstock.com][230]headache-mixed-race-asian-chinese-260nw-548192446.jpg,4079,{},1,0,"{""name"":""rect"",""x"":49,""y"":10,""width"":32,""height"":42}",{}
154,[www.shutterstock.com][230]stop-virus-epidemic-diseases-healthy-260nw-1633291840.jpg,5725,{},1,0,"{""name"":""rect"",""x"":15,""y"":1,""width"":58,""height"":71}",{}
155,[www.shutterstock.com][233]woman-wearing-face-mask-protect-260nw-1657699309.jpg,5279,{},1,0,"{""name"":""rect"",""x"":38,""y"":6,""width"":43,""height"":66}",{}
156,[www.shutterstock.com][235]coronavirus-woman-cleaning-her-hands-260nw-1657524781.jpg,6769,{},1,0,"{""name"":""rect"",""x"":49,""y"":0,""width"":49,""height"":49}",{}
157,[www.shutterstock.com][237]covid19-pandemic-coronavirus-woman-city-260nw-1687120525.jpg,5996,{},1,0,"{""name"":""rect"",""x"":22,""y"":13,""width"":52,""height"":74}",{}
158,[www.shutterstock.com][237]girl-school-uniform-air-pollution-260nw-1683453664.jpg,7071,{},1,0,"{""name"":""rect"",""x"":37,""y"":4,""width"":21,""height"":39}",{}
159,[www.shutterstock.com][240]asian-woman-wearing-virus-protective-260nw-1638122917.jpg,8055,{},1,0,"{""name"":""rect"",""x"":23,""y"":2,""width"":75,""height"":88}",{}
160,[www.shutterstock.com][241]asian-woman-suffer-cough-face-260nw-1637065696.jpg,6304,{},1,0,"{""name"":""rect"",""x"":40,""y"":21,""width"":43,""height"":53}",{}
161,[www.shutterstock.com][241]woman-wearing-face-mask-emotional-260nw-1673917876.jpg,7880,{},1,0,"{""name"":""rect"",""x"":28,""y"":1,""width"":48,""height"":74}",{}
162,[www.shutterstock.com][242]african-american-man-out-about-260nw-1684929205.jpg,7777,{},1,0,"{""name"":""rect"",""x"":31,""y"":3,""width"":28,""height"":24}",{}
163,[www.shutterstock.com][242]portrait-young-man-protective-face-260nw-568445647.jpg,5219,{},1,0,"{""name"":""rect"",""x"":22,""y"":6,""width"":49,""height"":71}",{}
164,[www.shutterstock.com][242]woman-wearing-face-mask-protect-260nw-1623040435.jpg,5320,{},1,0,"{""name"":""rect"",""x"":0,""y"":1,""width"":74,""height"":76}",{}
165,[www.shutterstock.com][244]european-girl-tourist-wearing-face-260nw-1641527863.jpg,6854,{},1,0,"{""name"":""rect"",""x"":26,""y"":8,""width"":50,""height"":65}",{}
166,[www.shutterstock.com][244]ill-young-man-feeling-sick-260nw-1499937455.jpg,7417,{},1,0,"{""name"":""rect"",""x"":36,""y"":12,""width"":26,""height"":36}",{}
167,[www.shutterstock.com][245]african-american-man-out-about-260nw-1684903060.jpg,7781,{},1,0,"{""name"":""rect"",""x"":39,""y"":6,""width"":27,""height"":36}",{}
168,[www.shutterstock.com][245]handsomeman-wearing-face-mask-protect-260nw-1633121722.jpg,6702,{},1,0,"{""name"":""rect"",""x"":29,""y"":2,""width"":35,""height"":55}",{}
169,[www.shutterstock.com][250]face-maskwearing-boy-fear-eye-260nw-1667687704.jpg,5027,{},1,0,"{""name"":""rect"",""x"":1,""y"":1,""width"":61,""height"":85}",{}
170,[www.shutterstock.com][250]woman-wearing-face-mask-protect-260nw-1657699315.jpg,6231,{},1,0,"{""name"":""rect"",""x"":27,""y"":14,""width"":34,""height"":45}",{}
171,[www.shutterstock.com][252]covid19-air-pollution-pm25-conceptsenior-260nw-1655699269.jpg,3418,{},1,0,"{""name"":""rect"",""x"":53,""y"":8,""width"":41,""height"":71}",{}
172,[www.shutterstock.com][252]sick-asian-woman-wearing-mask-260nw-1398306740.jpg,6556,{},1,0,"{""name"":""rect"",""x"":13,""y"":0,""width"":41,""height"":65}",{}
173,[www.shutterstock.com][252]tourist-girl-mask-260nw-423879817.jpg,5628,{},1,0,"{""name"":""rect"",""x"":48,""y"":17,""width"":35,""height"":59}",{}
174,[www.shutterstock.com][253]asian-man-wearing-surgical-face-260nw-1650013177.jpg,6811,{},1,0,"{""name"":""rect"",""x"":60,""y"":3,""width"":38,""height"":53}",{}
175,[www.shutterstock.com][253]concept-coronavirus-quarantine-merscov-novel-260nw-1626744397.jpg,6908,{},1,0,"{""name"":""rect"",""x"":5,""y"":0,""width"":53,""height"":56}",{}
176,[www.shutterstock.com][256]african-american-man-out-about-260nw-1684903018.jpg,7225,{},1,0,"{""name"":""rect"",""x"":31,""y"":19,""width"":31,""height"":42}",{}
177,[www.shutterstock.com][259]woman-wearing-face-mask-protect-260nw-1633129744.jpg,5560,{},1,0,"{""name"":""rect"",""x"":44,""y"":3,""width"":38,""height"":66}",{}
178,[www.shutterstock.com][262]handsomeman-wearing-face-mask-protect-260nw-1656617830.jpg,5216,{},1,0,"{""name"":""rect"",""x"":19,""y"":6,""width"":35,""height"":46}",{}
179,[www.shutterstock.com][264]prey-future-caucasian-little-girl-260nw-1571987317.jpg,4358,{},1,0,"{""name"":""rect"",""x"":45,""y"":9,""width"":35,""height"":46}",{}
180,[www.shutterstock.com][267]woman-wearing-face-mask-against-260nw-1684038535.jpg,6440,{},1,0,"{""name"":""rect"",""x"":11,""y"":1,""width"":70,""height"":82}",{}
181,[www.shutterstock.com][269]handsomeman-wearing-face-mask-protect-260nw-1634085748.jpg,5949,{},1,0,"{""name"":""rect"",""x"":57,""y"":9,""width"":25,""height"":39}",{}
182,[www.shutterstock.com][270]selective-focus-man-medical-masks-260nw-1641453220.jpg,6042,{},1,0,"{""name"":""rect"",""x"":32,""y"":2,""width"":61,""height"":85}",{}
183,[www.shutterstock.com][271]african-american-man-out-about-260nw-1684903033.jpg,7460,{},1,0,"{""name"":""rect"",""x"":21,""y"":5,""width"":63,""height"":72}",{}
184,[www.shutterstock.com][272]woman-wearing-face-mask-protect-260nw-1617218572.jpg,5757,{},1,0,"{""name"":""rect"",""x"":39,""y"":18,""width"":37,""height"":40}",{}
185,[www.shutterstock.com][273]coronavirus-air-pollution-pm25-conceptlittle-260nw-1628126794.jpg,5197,{},1,0,"{""name"":""rect"",""x"":27,""y"":3,""width"":41,""height"":58}",{}
186,[www.shutterstock.com][274]asian-woman-using-mask-protect-260nw-1313386520.jpg,4580,{},1,0,"{""name"":""rect"",""x"":36,""y"":25,""width"":29,""height"":35}",{}
187,[www.shutterstock.com][275]woman-wearing-face-mask-protect-260nw-1619066029.jpg,5416,{},1,0,"{""name"":""rect"",""x"":33,""y"":35,""width"":35,""height"":45}",{}
188,[www.shutterstock.com][275]worried-child-wearing-protective-face-260nw-211543714.jpg,6402,{},1,0,"{""name"":""rect"",""x"":14,""y"":0,""width"":48,""height"":72}",{}
189,[www.shutterstock.com][276]girl-young-woman-protective-sterile-260nw-1678834621.jpg,8704,{},1,0,"{""name"":""rect"",""x"":16,""y"":5,""width"":80,""height"":59}",{}
190,[www.shutterstock.com][277]portrait-asian-boy-3-years-260nw-1673642758.jpg,6343,{},1,0,"{""name"":""rect"",""x"":32,""y"":17,""width"":43,""height"":50}",{}
191,[www.shutterstock.com][278]concept-air-pollution-asian-young-260nw-441370522.jpg,4976,{},1,0,"{""name"":""rect"",""x"":14,""y"":11,""width"":68,""height"":69}",{}
192,[www.shutterstock.com][279]young-boy-wearing-face-mask-260nw-656937373.jpg,7716,{},1,0,"{""name"":""rect"",""x"":3,""y"":1,""width"":62,""height"":78}",{}
193,[www.shutterstock.com][282]schoolgirl-wearing-protective-face-mask-260nw-1682176453.jpg,4827,{},1,0,"{""name"":""rect"",""x"":19,""y"":13,""width"":42,""height"":38}",{}
194,[www.shutterstock.com][284]african-american-man-wearing-face-260nw-1684870042.jpg,6206,{},1,0,"{""name"":""rect"",""x"":19,""y"":23,""width"":28,""height"":26}",{}
195,[www.shutterstock.com][285]handsomeman-wearing-face-mask-protect-260nw-1643082718.jpg,6055,{},1,0,"{""name"":""rect"",""x"":40,""y"":8,""width"":54,""height"":52}",{}
196,[www.shutterstock.com][287]coronavirus-masked-woman-studio-portrait-260nw-1683594601.jpg,4532,{},1,0,"{""name"":""rect"",""x"":11,""y"":2,""width"":67,""height"":91}",{}
197,[www.shutterstock.com][287]handsomeman-wearing-face-mask-protect-260nw-1634085745.jpg,6384,{},1,0,"{""name"":""rect"",""x"":40,""y"":8,""width"":50,""height"":60}",{}
198,[www.shutterstock.com][288]woman-wearing-hygiene-protective-mask-260nw-1673364760.jpg,4456,{},1,0,"{""name"":""rect"",""x"":38,""y"":6,""width"":50,""height"":56}",{}
199,[www.shutterstock.com][289]asia-woman-aseptic-medical-mask-260nw-1678495333.jpg,3780,{},1,0,"{""name"":""rect"",""x"":24,""y"":9,""width"":45,""height"":61}",{}
200,[www.shutterstock.com][289]face-maskwearing-woman-fear-eye-260nw-196158521.jpg,4710,{},1,0,"{""name"":""rect"",""x"":0,""y"":1,""width"":64,""height"":93}",{}
