#filename,file_size,file_attributes,region_count,region_id,region_shape_attributes,region_attributes
[www.shutterstock.com][0]little-girl-standing-protective-mask-260nw-292711334.jpg,5406,"{}",1,0,"{""name"":""rect"",""x"":23,""y"":12,""width"":48,""height"":52}","{}"
[www.shutterstock.com][0]woman-wearing-face-mask-protect-260nw-1661680150.jpg,4529,"{}",1,0,"{""name"":""rect"",""x"":12,""y"":9,""width"":35,""height"":54}","{}"
[www.shutterstock.com][1]woman-mask-outdoor-air-pollution-260nw-1673804179.jpg,7070,"{}",1,0,"{""name"":""rect"",""x"":25,""y"":14,""width"":42,""height"":61}","{}"
[www.shutterstock.com][1]woman-wearing-hygiene-protective-mask-260nw-1673364826.jpg,4696,"{}",1,0,"{""name"":""rect"",""x"":46,""y"":13,""width"":37,""height"":31}","{}"
[www.shutterstock.com][3]air-pollution-city-woman-wearing-260nw-1135103132.jpg,5930,"{}",1,0,"{""name"":""rect"",""x"":25,""y"":9,""width"":47,""height"":64}","{}"
[www.shutterstock.com][3]handsomeman-wearing-face-mask-protect-260nw-1612917961.jpg,7028,"{}",1,0,"{""name"":""rect"",""x"":40,""y"":2,""width"":49,""height"":66}","{}"
[www.shutterstock.com][3]young-happy-pretty-asian-chinese-260nw-780081760.jpg,8312,"{}",1,0,"{""name"":""rect"",""x"":16,""y"":11,""width"":29,""height"":34}","{}"
[www.shutterstock.com][5]woman-wearing-hygiene-protective-mask-260nw-1673364811.jpg,4496,"{}",1,0,"{""name"":""rect"",""x"":50,""y"":11,""width"":27,""height"":34}","{}"
[www.shutterstock.com][6]african-american-man-out-about-260nw-1684870063.jpg,7941,"{}",1,0,"{""name"":""rect"",""x"":54,""y"":30,""width"":23,""height"":21}","{}"
[www.shutterstock.com][7]asian-young-woman-pastry-shop-260nw-1685236198.jpg,3112,"{}",1,0,"{""name"":""rect"",""x"":67,""y"":12,""width"":26,""height"":32}","{}"
[www.shutterstock.com][9]asian-little-child-girl-wearing-260nw-1637084866.jpg,5181,"{}",1,0,"{""name"":""rect"",""x"":13,""y"":17,""width"":40,""height"":57}","{}"
[www.shutterstock.com][10]woman-wearing-protective-mask-protect-260nw-623974037.jpg,5490,"{}",1,0,"{""name"":""rect"",""x"":38,""y"":4,""width"":45,""height"":52}","{}"
[www.shutterstock.com][11]asian-people-wear-n95-masks-260nw-1685337784.jpg,3417,"{}",1,0,"{""name"":""rect"",""x"":32,""y"":18,""width"":39,""height"":50}","{}"
[www.shutterstock.com][11]schoolgirl-wearing-protective-face-mask-260nw-1682173690.jpg,5249,"{}",1,0,"{""name"":""rect"",""x"":18,""y"":17,""width"":53,""height"":37}","{}"
[www.shutterstock.com][11]spain-people-wears-face-mask-260nw-1678667329.jpg,5459,"{}",1,0,"{""name"":""rect"",""x"":25,""y"":4,""width"":58,""height"":76}","{}"
[www.shutterstock.com][12]handsomeman-wearing-face-mask-protect-260nw-1659278572.jpg,7023,"{}",1,0,"{""name"":""rect"",""x"":42,""y"":2,""width"":42,""height"":52}","{}"
[www.shutterstock.com][13]unknown-man-wearing-face-mask-260nw-182992412.jpg,6908,"{}",1,0,"{""name"":""rect"",""x"":8,""y"":9,""width"":41,""height"":48}","{}"
[www.shutterstock.com][14]women-her-luggage-trolley-wearing-260nw-1657854469.jpg,8669,"{}",1,0,"{""name"":""rect"",""x"":41,""y"":3,""width"":42,""height"":41}","{}"
[www.shutterstock.com][17]asian-woman-suffer-cough-face-260nw-1636909246.jpg,6685,"{}",1,0,"{""name"":""rect"",""x"":32,""y"":25,""width"":27,""height"":40}","{}"
[www.shutterstock.com][17]handsomeman-wearing-face-mask-protect-260nw-1633121719.jpg,5895,"{}",1,0,"{""name"":""rect"",""x"":10,""y"":2,""width"":46,""height"":53}","{}"
[www.shutterstock.com][17]young-stylish-hipster-wearing-protective-260nw-1683818785.jpg,7405,"{}",1,0,"{""name"":""rect"",""x"":32,""y"":3,""width"":44,""height"":55}","{}"
[www.shutterstock.com][18]woman-wearing-hygiene-protective-mask-260nw-1673365687.jpg,4808,"{}",1,0,"{""name"":""rect"",""x"":49,""y"":11,""width"":35,""height"":48}","{}"
[www.shutterstock.com][19]african-american-man-out-about-260nw-1684870030.jpg,7873,"{}",1,0,"{""name"":""rect"",""x"":32,""y"":1,""width"":30,""height"":35}","{}"
[www.shutterstock.com][20]african-american-man-out-about-260nw-1684929196.jpg,6824,"{}",1,0,"{""name"":""rect"",""x"":33,""y"":1,""width"":36,""height"":51}","{}"
[www.shutterstock.com][20]asian-woman-wearing-face-mask-260nw-221766439.jpg,5710,"{}",1,0,"{""name"":""rect"",""x"":53,""y"":9,""width"":46,""height"":55}","{}"
[www.shutterstock.com][23]men-wearing-mask-studio-260nw-1363920299.jpg,4242,"{}",1,0,"{""name"":""rect"",""x"":57,""y"":8,""width"":24,""height"":34}","{}"
[www.shutterstock.com][24]coronavirus-covid19-concept-unhealthy-asian-260nw-1667230213.jpg,7391,"{}",1,0,"{""name"":""rect"",""x"":50,""y"":9,""width"":29,""height"":42}","{}"
[www.shutterstock.com][24]woman-suffer-sick-wearing-face-260nw-628637300.jpg,6541,"{}",1,0,"{""name"":""rect"",""x"":15,""y"":8,""width"":31,""height"":37}","{}"
[www.shutterstock.com][26]african-american-man-out-about-260nw-1684903000.jpg,7571,"{}",1,0,"{""name"":""rect"",""x"":39,""y"":2,""width"":27,""height"":34}","{}"
[www.shutterstock.com][26]girls-protected-viruses-by-wearing-260nw-1671112144.jpg,8528,"{}",1,0,"{""name"":""rect"",""x"":44,""y"":4,""width"":38,""height"":51}","{}"
[www.shutterstock.com][28]protect-self-virus-asian-woman-260nw-1660830559.jpg,5294,"{}",1,0,"{""name"":""rect"",""x"":24,""y"":17,""width"":22,""height"":36}","{}"
[www.shutterstock.com][29]young-woman-face-mask-street-260nw-423879823.jpg,5777,"{}",1,0,"{""name"":""rect"",""x"":34,""y"":10,""width"":38,""height"":75}","{}"
[www.shutterstock.com][30]patient-woman-wearing-face-mask-260nw-1668521170.jpg,4586,"{}",1,0,"{""name"":""rect"",""x"":55,""y"":1,""width"":45,""height"":61}","{}"
[www.shutterstock.com][32]model-girl-dress-facial-protective-260nw-1672572979.jpg,4169,"{}",1,0,"{""name"":""rect"",""x"":29,""y"":2,""width"":22,""height"":27}","{}"
[www.shutterstock.com][34]handsomeman-wearing-face-mask-protect-260nw-1679563846.jpg,6443,"{}",1,0,"{""name"":""rect"",""x"":1,""y"":2,""width"":62,""height"":68}","{}"
[www.shutterstock.com][36]young-man-protecting-face-against-260nw-1680598384.jpg,4607,"{}",1,0,"{""name"":""rect"",""x"":24,""y"":2,""width"":45,""height"":57}","{}"
[www.shutterstock.com][37]businessman-walking-outdoor-briefcase-wearing-260nw-792636646.jpg,7343,"{}",1,0,"{""name"":""rect"",""x"":57,""y"":7,""width"":14,""height"":25}","{}"
[www.shutterstock.com][39]child-boy-outdoors-face-mask-260nw-1668148387.jpg,6354,"{}",1,0,"{""name"":""rect"",""x"":38,""y"":0,""width"":54,""height"":85}","{}"
[www.shutterstock.com][45]asia-child-who-have-wear-260nw-1290822055.jpg,4392,"{}",1,0,"{""name"":""rect"",""x"":32,""y"":3,""width"":60,""height"":84}","{}"
[www.shutterstock.com][47]woman-wearing-face-mask-protect-260nw-1606264942.jpg,7329,"{}",1,0,"{""name"":""rect"",""x"":55,""y"":9,""width"":44,""height"":83}","{}"
[www.shutterstock.com][47]woman-wearing-face-mask-protect-260nw-1618333834.jpg,4982,"{}",1,0,"{""name"":""rect"",""x"":42,""y"":41,""width"":21,""height"":32}","{}"
[www.shutterstock.com][49]woman-feeling-sick-train-platform-260nw-405163174.jpg,8234,"{}",1,0,"{""name"":""rect"",""x"":24,""y"":4,""width"":34,""height"":51}","{}"
[www.shutterstock.com][52]handsomeman-wearing-face-mask-protect-260nw-1643082709.jpg,6209,"{}",1,0,"{""name"":""rect"",""x"":25,""y"":8,""width"":28,""height"":41}","{}"
[www.shutterstock.com][52]schoolgirl-wearing-protective-face-mask-260nw-1682176450.jpg,5659,"{}",1,0,"{""name"":""rect"",""x"":26,""y"":11,""width"":38,""height"":43}","{}"
[www.shutterstock.com][55]protect-self-virus-asian-woman-260nw-1679264134.jpg,4410,"{}",1,0,"{""name"":""rect"",""x"":19,""y"":22,""width"":38,""height"":42}","{}"
[www.shutterstock.com][56]man-using-pollution-mask-asia-260nw-1381348199.jpg,8544,"{}",1,0,"{""name"":""rect"",""x"":14,""y"":8,""width"":34,""height"":50}","{}"
[www.shutterstock.com][59]man-medical-face-mask-wrong-260nw-1683255184.jpg,6735,"{}",1,0,"{""name"":""rect"",""x"":4,""y"":3,""width"":88,""height"":75}","{}"
[www.shutterstock.com][60]asian-kid-girl-age-7-260nw-1099397441.jpg,3302,"{}",1,0,"{""name"":""rect"",""x"":16,""y"":10,""width"":36,""height"":48}","{}"
[www.shutterstock.com][63]schoolgirl-wearing-protective-face-mask-260nw-1682173687.jpg,6466,"{}",1,0,"{""name"":""rect"",""x"":16,""y"":6,""width"":56,""height"":45}","{}"
[www.shutterstock.com][63]studio-portrait-asia-young-woman-260nw-1671766624.jpg,3915,"{}",1,0,"{""name"":""rect"",""x"":36,""y"":12,""width"":35,""height"":57}","{}"
[www.shutterstock.com][64]handsomeman-wearing-face-mask-protect-260nw-1647588088.jpg,6149,"{}",1,0,"{""name"":""rect"",""x"":43,""y"":2,""width"":49,""height"":54}","{}"
[www.shutterstock.com][66]woman-wearing-hygiene-protective-mask-260nw-1673364775.jpg,4599,"{}",1,0,"{""name"":""rect"",""x"":40,""y"":3,""width"":41,""height"":50}","{}"
[www.shutterstock.com][68]african-american-man-out-about-260nw-1684903012.jpg,7848,"{}",1,0,"{""name"":""rect"",""x"":34,""y"":6,""width"":39,""height"":54}","{}"
[www.shutterstock.com][68]face-woman-wearing-mask-260nw-196158527.jpg,5317,"{}",1,0,"{""name"":""rect"",""x"":20,""y"":0,""width"":75,""height"":93}","{}"
[www.shutterstock.com][70]close-one-young-asian-man-260nw-1687134346.jpg,7538,"{}",1,0,"{""name"":""rect"",""x"":30,""y"":6,""width"":46,""height"":50}","{}"
[www.shutterstock.com][70]woman-wear-protective-face-mask-260nw-1671963361.jpg,4538,"{}",1,0,"{""name"":""rect"",""x"":42,""y"":8,""width"":39,""height"":59}","{}"
[www.shutterstock.com][73]asian-woman-wearing-virus-protective-260nw-1638134875.jpg,8610,"{}",1,0,"{""name"":""rect"",""x"":37,""y"":2,""width"":55,""height"":69}","{}"
[www.shutterstock.com][75]asian-men-wear-n95-masks-260nw-1685338507.jpg,4010,"{}",1,0,"{""name"":""rect"",""x"":28,""y"":15,""width"":44,""height"":43}","{}"
[www.shutterstock.com][75]businessman-using-antipollution-mask-260nw-778300384.jpg,6675,"{}",1,0,"{""name"":""rect"",""x"":13,""y"":1,""width"":35,""height"":54}","{}"
[www.shutterstock.com][75]image-face-young-asian-man-260nw-1636467124.jpg,6123,"{}",1,0,"{""name"":""rect"",""x"":7,""y"":1,""width"":45,""height"":67}","{}"
[www.shutterstock.com][76]asian-woman-going-work-wears-260nw-1506907358.jpg,5879,"{}",1,0,"{""name"":""rect"",""x"":68,""y"":12,""width"":23,""height"":35}","{}"
[www.shutterstock.com][76]asian-woman-wearing-virus-protective-260nw-1638134665.jpg,5222,"{}",1,0,"{""name"":""rect"",""x"":30,""y"":15,""width"":58,""height"":79}","{}"
[www.shutterstock.com][76]man-medical-face-mask-wrong-260nw-1683255181.jpg,6169,"{}",1,0,"{""name"":""rect"",""x"":23,""y"":12,""width"":51,""height"":45}","{}"
[www.shutterstock.com][77]american-sick-boy-wears-safety-260nw-1678667326.jpg,4862,"{}",1,0,"{""name"":""rect"",""x"":21,""y"":0,""width"":60,""height"":91}","{}"
[www.shutterstock.com][77]handsomeman-wearing-face-mask-protect-260nw-1659278566.jpg,5669,"{}",1,0,"{""name"":""rect"",""x"":50,""y"":2,""width"":40,""height"":66}","{}"
[www.shutterstock.com][78]asian-woman-suffer-cough-face-260nw-1637781478.jpg,6204,"{}",1,0,"{""name"":""rect"",""x"":17,""y"":23,""width"":53,""height"":56}","{}"
[www.shutterstock.com][78]time-protect-all-elegant-man-260nw-1628260231.jpg,4635,"{}",1,0,"{""name"":""rect"",""x"":43,""y"":2,""width"":40,""height"":51}","{}"
[www.shutterstock.com][79]woman-wearing-hygiene-protective-mask-260nw-1673364757.jpg,4472,"{}",1,0,"{""name"":""rect"",""x"":40,""y"":5,""width"":46,""height"":52}","{}"
[www.shutterstock.com][81]asian-woman-wear-face-mask-260nw-269158007.jpg,5307,"{}",1,0,"{""name"":""rect"",""x"":1,""y"":7,""width"":40,""height"":59}","{}"
[www.shutterstock.com][81]woman-mask-outdoor-air-pollution-260nw-1673804176.jpg,7384,"{}",1,0,"{""name"":""rect"",""x"":37,""y"":26,""width"":30,""height"":31}","{}"
[www.shutterstock.com][82]woman-wearing-face-mask-city-260nw-405350698.jpg,7231,"{}",1,0,"{""name"":""rect"",""x"":44,""y"":8,""width"":31,""height"":44}","{}"
[www.shutterstock.com][84]asian-man-wearing-face-mask-260nw-1654082161.jpg,7398,"{}",1,0,"{""name"":""rect"",""x"":14,""y"":12,""width"":30,""height"":44}","{}"
[www.shutterstock.com][84]asian-woman-wearing-virus-protective-260nw-1637318572.jpg,5367,"{}",1,0,"{""name"":""rect"",""x"":2,""y"":9,""width"":73,""height"":83}","{}"
[www.shutterstock.com][84]head-man-modern-gas-mask-260nw-197410172.jpg,5488,"{}",1,0,"{""name"":""rect"",""x"":19,""y"":7,""width"":58,""height"":84}","{}"
[www.shutterstock.com][85]asian-business-woman-wearing-protective-260nw-1550527979.jpg,7573,"{}",1,0,"{""name"":""rect"",""x"":4,""y"":3,""width"":34,""height"":40}","{}"
[www.shutterstock.com][87]portrait-asian-children-girl-wear-260nw-1569804286.jpg,6126,"{}",1,0,"{""name"":""rect"",""x"":27,""y"":3,""width"":45,""height"":55}","{}"
[www.shutterstock.com][88]beautiful-female-outdoor-cafe-mask-260nw-1674025513.jpg,7516,"{}",1,0,"{""name"":""rect"",""x"":19,""y"":15,""width"":30,""height"":42}","{}"
[www.shutterstock.com][89]asia-woman-wearing-black-face-260nw-1672385008.jpg,5432,"{}",1,0,"{""name"":""rect"",""x"":9,""y"":4,""width"":47,""height"":71}","{}"
[www.shutterstock.com][89]woman-wearing-hygiene-protective-mask-260nw-1673364784.jpg,4891,"{}",1,0,"{""name"":""rect"",""x"":36,""y"":8,""width"":50,""height"":49}","{}"
[www.shutterstock.com][91]sick-asian-child-girl-student-260nw-1622687230.jpg,7347,"{}",1,0,"{""name"":""rect"",""x"":32,""y"":1,""width"":52,""height"":70}","{}"
[www.shutterstock.com][92]coronavirus-quarantine-portrait-young-european-260nw-1679133754.jpg,6362,"{}",1,0,"{""name"":""rect"",""x"":4,""y"":6,""width"":47,""height"":67}","{}"
[www.shutterstock.com][93]long-haired-thai-girl-wearing-260nw-1630821460.jpg,5833,"{}",1,0,"{""name"":""rect"",""x"":43,""y"":2,""width"":48,""height"":65}","{}"
[www.shutterstock.com][94]portrait-close-african-american-man-260nw-1684903003.jpg,6689,"{}",1,0,"{""name"":""rect"",""x"":27,""y"":5,""width"":43,""height"":73}","{}"
[www.shutterstock.com][94]woman-wearing-hygiene-protective-mask-260nw-1673364829.jpg,5156,"{}",1,0,"{""name"":""rect"",""x"":39,""y"":6,""width"":46,""height"":58}","{}"
[www.shutterstock.com][95]asian-woman-wearing-face-mask-260nw-1668119146.jpg,4105,"{}",1,0,"{""name"":""rect"",""x"":50,""y"":5,""width"":35,""height"":53}","{}"
[www.shutterstock.com][95]concept-coronavirus-quarantine-merscov-novel-260nw-1686925531.jpg,6081,"{}",1,0,"{""name"":""rect"",""x"":39,""y"":6,""width"":53,""height"":61}","{}"
[www.shutterstock.com][95]girl-mask-protect-her-corona-260nw-1655750965.jpg,4575,"{}",1,0,"{""name"":""rect"",""x"":36,""y"":12,""width"":49,""height"":72}","{}"
[www.shutterstock.com][98]close-kid-face-wearing-medical-260nw-1684197643.jpg,5258,"{}",1,0,"{""name"":""rect"",""x"":6,""y"":2,""width"":70,""height"":91}","{}"
[www.shutterstock.com][101]asian-woman-wearing-virus-protective-260nw-1637408680.jpg,5333,"{}",1,0,"{""name"":""rect"",""x"":22,""y"":5,""width"":61,""height"":88}","{}"
[www.shutterstock.com][101]portrait-sick-man-wearing-medical-260nw-1631088379.jpg,5424,"{}",1,0,"{""name"":""rect"",""x"":22,""y"":6,""width"":62,""height"":78}","{}"
[www.shutterstock.com][102]asian-girl-anti-dust-air-260nw-1546537400.jpg,7216,"{}",1,0,"{""name"":""rect"",""x"":35,""y"":23,""width"":35,""height"":39}","{}"
[www.shutterstock.com][102]asian-woman-wearing-white-mask-260nw-1350639524.jpg,4624,"{}",1,0,"{""name"":""rect"",""x"":50,""y"":44,""width"":16,""height"":16}","{}"
[www.shutterstock.com][103]woman-wearing-face-mask-protect-260nw-1627533535.jpg,6585,"{}",1,0,"{""name"":""rect"",""x"":33,""y"":12,""width"":33,""height"":45}","{}"
[www.shutterstock.com][104]asian-man-feeling-unwell-outdoor-260nw-421528828.jpg,6034,"{}",1,0,"{""name"":""rect"",""x"":51,""y"":0,""width"":46,""height"":60}","{}"
[www.shutterstock.com][105]asian-woman-suffer-cough-face-260nw-1640303212.jpg,6026,"{}",1,0,"{""name"":""rect"",""x"":41,""y"":14,""width"":43,""height"":59}","{}"
[www.shutterstock.com][105]closeup-caucasian-man-face-wearing-260nw-1686404194.jpg,4026,"{}",1,0,"{""name"":""rect"",""x"":1,""y"":0,""width"":46,""height"":90}","{}"
[www.shutterstock.com][108]concept-air-pollution-asian-young-260nw-581780170.jpg,4185,"{}",1,0,"{""name"":""rect"",""x"":1,""y"":0,""width"":63,""height"":75}","{}"
[www.shutterstock.com][109]woman-wearing-face-mask-protect-260nw-1676125846.jpg,5481,"{}",1,0,"{""name"":""rect"",""x"":13,""y"":2,""width"":82,""height"":83}","{}"
[www.shutterstock.com][111]female-medical-worker-wearing-protective-260nw-1677297304.jpg,4076,"{}",1,0,"{""name"":""rect"",""x"":18,""y"":7,""width"":35,""height"":74}","{}"
[www.shutterstock.com][111]woman-wearing-hygiene-protective-mask-260nw-1673364772.jpg,4009,"{}",1,0,"{""name"":""rect"",""x"":48,""y"":11,""width"":29,""height"":37}","{}"
[www.shutterstock.com][112]asian-man-wearing-n95-respiratory-260nw-1505773505.jpg,6196,"{}",1,0,"{""name"":""rect"",""x"":21,""y"":26,""width"":44,""height"":46}","{}"
[www.shutterstock.com][121]woman-protective-mask-walking-city-260nw-1639590220.jpg,7330,"{}",1,0,"{""name"":""rect"",""x"":11,""y"":1,""width"":53,""height"":62}","{}"
[www.shutterstock.com][121]woman-wearing-hygiene-protective-mask-260nw-1673364823.jpg,5781,"{}",1,0,"{""name"":""rect"",""x"":28,""y"":5,""width"":60,""height"":69}","{}"
[www.shutterstock.com][128]asian-girl-wearing-face-mask-260nw-1640303203.jpg,6052,"{}",1,0,"{""name"":""rect"",""x"":35,""y"":21,""width"":44,""height"":62}","{}"
[www.shutterstock.com][128]asian-woman-protective-medical-mask-260nw-1645492597.jpg,3569,"{}",1,0,"{""name"":""rect"",""x"":28,""y"":8,""width"":44,""height"":53}","{}"
[www.shutterstock.com][133]woman-wearing-medical-face-mask-260nw-368558372.jpg,6063,"{}",1,0,"{""name"":""rect"",""x"":24,""y"":3,""width"":45,""height"":59}","{}"
[www.shutterstock.com][134]asian-woman-suffer-cough-face-260nw-1637062252.jpg,5808,"{}",1,0,"{""name"":""rect"",""x"":28,""y"":3,""width"":51,""height"":54}","{}"
[www.shutterstock.com][141]man-beg-someone-please-stop-260nw-1679469775.jpg,4878,"{}",1,0,"{""name"":""rect"",""x"":41,""y"":8,""width"":33,""height"":55}","{}"
[www.shutterstock.com][144]child-boy-outdoors-face-black-260nw-1674303130.jpg,6331,"{}",1,0,"{""name"":""rect"",""x"":51,""y"":10,""width"":41,""height"":74}","{}"
[www.shutterstock.com][144]man-wear-white-face-mask-260nw-1449345206.jpg,4209,"{}",1,0,"{""name"":""rect"",""x"":6,""y"":38,""width"":40,""height"":46}","{}"
[www.shutterstock.com][145]young-woman-protective-medical-mask-260nw-1677102010.jpg,4224,"{}",1,0,"{""name"":""rect"",""x"":30,""y"":1,""width"":35,""height"":48}","{}"
[www.shutterstock.com][148]pretty-asian-woman-wearing-face-260nw-47970601.jpg,6551,"{}",1,0,"{""name"":""rect"",""x"":42,""y"":15,""width"":37,""height"":52}","{}"
[www.shutterstock.com][152]unhappy-woman-wearing-face-mask-260nw-184458878.jpg,6689,"{}",1,0,"{""name"":""rect"",""x"":5,""y"":1,""width"":47,""height"":70}","{}"
[www.shutterstock.com][153]african-american-man-out-about-260nw-1684929202.jpg,7357,"{}",1,0,"{""name"":""rect"",""x"":31,""y"":9,""width"":35,""height"":49}","{}"
[www.shutterstock.com][156]asian-man-suffer-cough-face-260nw-1636950844.jpg,6278,"{}",1,0,"{""name"":""rect"",""x"":33,""y"":19,""width"":32,""height"":46}","{}"
[www.shutterstock.com][156]asian-woman-suffer-cough-face-260nw-1636950838.jpg,6065,"{}",1,0,"{""name"":""rect"",""x"":15,""y"":25,""width"":35,""height"":43}","{}"
[www.shutterstock.com][160]closeup-unhappy-woman-wearing-face-260nw-184458884.jpg,5573,"{}",1,0,"{""name"":""rect"",""x"":2,""y"":0,""width"":84,""height"":91}","{}"
[www.shutterstock.com][160]detail-young-caucasian-woman-wearing-260nw-1681981459.jpg,6169,"{}",1,0,"{""name"":""rect"",""x"":10,""y"":1,""width"":82,""height"":92}","{}"
[www.shutterstock.com][160]old-man-wear-mask-get-260nw-1255777687.jpg,6999,"{}",1,0,"{""name"":""rect"",""x"":43,""y"":9,""width"":28,""height"":37}","{}"
[www.shutterstock.com][161]studio-portrait-asia-young-woman-260nw-1671759595.jpg,4435,"{}",1,0,"{""name"":""rect"",""x"":36,""y"":16,""width"":29,""height"":34}","{}"
[www.shutterstock.com][162]woman-wearing-hygiene-protective-mask-260nw-1673364805.jpg,4894,"{}",1,0,"{""name"":""rect"",""x"":45,""y"":11,""width"":34,""height"":47}","{}"
[www.shutterstock.com][163]woman-wearing-hygiene-protective-mask-260nw-1673364802.jpg,4755,"{}",1,0,"{""name"":""rect"",""x"":24,""y"":2,""width"":25,""height"":31}","{}"
[www.shutterstock.com][167]woman-wearing-face-mask-protect-260nw-1657699321.jpg,7600,"{}",1,0,"{""name"":""rect"",""x"":15,""y"":14,""width"":35,""height"":49}","{}"
[www.shutterstock.com][168]asian-man-suffer-cough-face-260nw-1637062255.jpg,7107,"{}",1,0,"{""name"":""rect"",""x"":33,""y"":15,""width"":34,""height"":44}","{}"
[www.shutterstock.com][168]coronavirus-fashionable-medical-face-mask-260nw-1685450116.jpg,6418,"{}",1,0,"{""name"":""rect"",""x"":29,""y"":10,""width"":56,""height"":52}","{}"
[www.shutterstock.com][168]pm25-people-feeling-sick-air-260nw-1642906543.jpg,6360,"{}",1,0,"{""name"":""rect"",""x"":13,""y"":4,""width"":61,""height"":75}","{}"
[www.shutterstock.com][170]woman-wearing-hygiene-protective-mask-260nw-1673364832.jpg,5563,"{}",1,0,"{""name"":""rect"",""x"":42,""y"":12,""width"":46,""height"":65}","{}"
[www.shutterstock.com][178]woman-wearing-face-mask-protect-260nw-1684697497.jpg,5661,"{}",1,0,"{""name"":""rect"",""x"":40,""y"":8,""width"":40,""height"":55}","{}"
[www.shutterstock.com][180]girl-child-medical-mask-on-260nw-773740630.jpg,4337,"{}",1,0,"{""name"":""rect"",""x"":12,""y"":3,""width"":42,""height"":50}","{}"
[www.shutterstock.com][184]african-american-man-wearing-face-260nw-1684870051.jpg,5722,"{}",1,0,"{""name"":""rect"",""x"":22,""y"":7,""width"":24,""height"":22}","{}"
[www.shutterstock.com][186]woman-suffer-sick-wearing-face-260nw-618335750.jpg,6351,"{}",1,0,"{""name"":""rect"",""x"":8,""y"":7,""width"":36,""height"":48}","{}"
[www.shutterstock.com][187]happy-beautiful-young-woman-protective-260nw-645938941.jpg,8415,"{}",1,0,"{""name"":""rect"",""x"":22,""y"":15,""width"":21,""height"":33}","{}"
[www.shutterstock.com][190]asian-little-child-girl-wearing-260nw-1637906494.jpg,4977,"{}",1,0,"{""name"":""rect"",""x"":21,""y"":15,""width"":37,""height"":60}","{}"
[www.shutterstock.com][192]asian-woman-going-work-wearing-260nw-1302689761.jpg,5242,"{}",1,0,"{""name"":""rect"",""x"":44,""y"":6,""width"":36,""height"":45}","{}"
[www.shutterstock.com][195]asian-chinese-girl-wearing-white-260nw-1676686519.jpg,5182,"{}",1,0,"{""name"":""rect"",""x"":25,""y"":7,""width"":46,""height"":57}","{}"
[www.shutterstock.com][195]caucasian-male-traveler-medical-face-260nw-1676421142.jpg,8742,"{}",1,0,"{""name"":""rect"",""x"":10,""y"":5,""width"":29,""height"":48}","{}"
[www.shutterstock.com][198]asian-child-wearing-mask-over-260nw-371533387.jpg,5645,"{}",1,0,"{""name"":""rect"",""x"":22,""y"":13,""width"":49,""height"":43}","{}"
[www.shutterstock.com][202]woman-wearing-face-mask-because-260nw-1684038547.jpg,6497,"{}",1,0,"{""name"":""rect"",""x"":28,""y"":20,""width"":35,""height"":41}","{}"
[www.shutterstock.com][203]asian-man-suffer-cough-face-260nw-1636950850.jpg,6979,"{}",1,0,"{""name"":""rect"",""x"":37,""y"":18,""width"":25,""height"":40}","{}"
[www.shutterstock.com][205]young-guy-face-mask-riding-260nw-444093634.jpg,8495,"{}",1,0,"{""name"":""rect"",""x"":41,""y"":19,""width"":38,""height"":31}","{}"
[www.shutterstock.com][206]young-man-background-open-air-260nw-1671464419.jpg,6128,"{}",1,0,"{""name"":""rect"",""x"":34,""y"":4,""width"":22,""height"":26}","{}"
[www.shutterstock.com][207]woman-wearing-face-mask-protect-260nw-1671151912.jpg,4823,"{}",1,0,"{""name"":""rect"",""x"":14,""y"":1,""width"":40,""height"":57}","{}"
[www.shutterstock.com][210]woman-wearing-hygiene-protective-mask-260nw-1671915544.jpg,4960,"{}",1,0,"{""name"":""rect"",""x"":52,""y"":11,""width"":36,""height"":37}","{}"
[www.shutterstock.com][212]asian-girl-wearing-n95-mask-260nw-1567245748.jpg,3838,"{}",1,0,"{""name"":""rect"",""x"":24,""y"":16,""width"":43,""height"":51}","{}"
[www.shutterstock.com][214]handsomeman-wearing-face-mask-protect-260nw-1659278563.jpg,6743,"{}",1,0,"{""name"":""rect"",""x"":28,""y"":1,""width"":37,""height"":51}","{}"
[www.shutterstock.com][216]asian-girl-wearing-n95-mask-260nw-1567245745.jpg,3789,"{}",1,0,"{""name"":""rect"",""x"":33,""y"":13,""width"":38,""height"":55}","{}"
[www.shutterstock.com][220]coronavirus-quarantine-portrait-young-european-260nw-1679133748.jpg,6005,"{}",1,0,"{""name"":""rect"",""x"":9,""y"":8,""width"":47,""height"":62}","{}"
[www.shutterstock.com][222]asian-man-wearing-face-mask-260nw-1679524273.jpg,8139,"{}",1,0,"{""name"":""rect"",""x"":12,""y"":11,""width"":34,""height"":48}","{}"
[www.shutterstock.com][223]asian-woman-suffer-cough-face-260nw-1636950829.jpg,6350,"{}",1,0,"{""name"":""rect"",""x"":32,""y"":20,""width"":31,""height"":54}","{}"
[www.shutterstock.com][223]woman-wearing-hygiene-protective-mask-260nw-1666935976.jpg,7169,"{}",1,0,"{""name"":""rect"",""x"":44,""y"":12,""width"":34,""height"":45}","{}"
[www.shutterstock.com][226]woman-wearing-face-mask-protect-260nw-1624103818.jpg,6386,"{}",1,0,"{""name"":""rect"",""x"":37,""y"":18,""width"":39,""height"":46}","{}"
[www.shutterstock.com][227]woman-mask-outdoor-air-pollution-260nw-1673804170.jpg,7521,"{}",1,0,"{""name"":""rect"",""x"":33,""y"":21,""width"":37,""height"":37}","{}"
[www.shutterstock.com][227]woman-wearing-hygiene-protective-mask-260nw-1673364793.jpg,4652,"{}",1,0,"{""name"":""rect"",""x"":34,""y"":6,""width"":25,""height"":30}","{}"
[www.shutterstock.com][230]headache-mixed-race-asian-chinese-260nw-548192446.jpg,4079,"{}",1,0,"{""name"":""rect"",""x"":49,""y"":10,""width"":32,""height"":42}","{}"
[www.shutterstock.com][230]stop-virus-epidemic-diseases-healthy-260nw-1633291840.jpg,5725,"{}",1,0,"{""name"":""rect"",""x"":15,""y"":1,""width"":58,""height"":71}","{}"
[www.shutterstock.com][233]woman-wearing-face-mask-protect-260nw-1657699309.jpg,5279,"{}",1,0,"{""name"":""rect"",""x"":38,""y"":6,""width"":43,""height"":66}","{}"
[www.shutterstock.com][235]coronavirus-woman-cleaning-her-hands-260nw-1657524781.jpg,6769,"{}",1,0,"{""name"":""rect"",""x"":49,""y"":0,""width"":49,""height"":49}","{}"
[www.shutterstock.com][237]covid19-pandemic-coronavirus-woman-city-260nw-1687120525.jpg,5996,"{}",1,0,"{""name"":""rect"",""x"":22,""y"":13,""width"":52,""height"":74}","{}"
[www.shutterstock.com][237]girl-school-uniform-air-pollution-260nw-1683453664.jpg,7071,"{}",1,0,"{""name"":""rect"",""x"":37,""y"":4,""width"":21,""height"":39}","{}"
[www.shutterstock.com][240]asian-woman-wearing-virus-protective-260nw-1638122917.jpg,8055,"{}",1,0,"{""name"":""rect"",""x"":23,""y"":2,""width"":75,""height"":88}","{}"
[www.shutterstock.com][241]asian-woman-suffer-cough-face-260nw-1637065696.jpg,6304,"{}",1,0,"{""name"":""rect"",""x"":40,""y"":21,""width"":43,""height"":53}","{}"
[www.shutterstock.com][241]woman-wearing-face-mask-emotional-260nw-1673917876.jpg,7880,"{}",1,0,"{""name"":""rect"",""x"":28,""y"":1,""width"":48,""height"":74}","{}"
[www.shutterstock.com][242]african-american-man-out-about-260nw-1684929205.jpg,7777,"{}",1,0,"{""name"":""rect"",""x"":31,""y"":3,""width"":28,""height"":24}","{}"
[www.shutterstock.com][242]portrait-young-man-protective-face-260nw-568445647.jpg,5219,"{}",1,0,"{""name"":""rect"",""x"":22,""y"":6,""width"":49,""height"":71}","{}"
[www.shutterstock.com][242]woman-wearing-face-mask-protect-260nw-1623040435.jpg,5320,"{}",1,0,"{""name"":""rect"",""x"":0,""y"":1,""width"":74,""height"":76}","{}"
[www.shutterstock.com][244]european-girl-tourist-wearing-face-260nw-1641527863.jpg,6854,"{}",1,0,"{""name"":""rect"",""x"":26,""y"":8,""width"":50,""height"":65}","{}"
[www.shutterstock.com][244]ill-young-man-feeling-sick-260nw-1499937455.jpg,7417,"{}",1,0,"{""name"":""rect"",""x"":36,""y"":12,""width"":26,""height"":36}","{}"
[www.shutterstock.com][245]african-american-man-out-about-260nw-1684903060.jpg,7781,"{}",1,0,"{""name"":""rect"",""x"":39,""y"":6,""width"":27,""height"":36}","{}"
[www.shutterstock.com][245]handsomeman-wearing-face-mask-protect-260nw-1633121722.jpg,6702,"{}",1,0,"{""name"":""rect"",""x"":29,""y"":2,""width"":35,""height"":55}","{}"
[www.shutterstock.com][250]face-maskwearing-boy-fear-eye-260nw-1667687704.jpg,5027,"{}",1,0,"{""name"":""rect"",""x"":1,""y"":1,""width"":61,""height"":85}","{}"
[www.shutterstock.com][250]woman-wearing-face-mask-protect-260nw-1657699315.jpg,6231,"{}",1,0,"{""name"":""rect"",""x"":27,""y"":14,""width"":34,""height"":45}","{}"
[www.shutterstock.com][252]covid19-air-pollution-pm25-conceptsenior-260nw-1655699269.jpg,3418,"{}",1,0,"{""name"":""rect"",""x"":53,""y"":8,""width"":41,""height"":71}","{}"
[www.shutterstock.com][252]sick-asian-woman-wearing-mask-260nw-1398306740.jpg,6556,"{}",1,0,"{""name"":""rect"",""x"":13,""y"":0,""width"":41,""height"":65}","{}"
[www.shutterstock.com][252]tourist-girl-mask-260nw-423879817.jpg,5628,"{}",1,0,"{""name"":""rect"",""x"":48,""y"":17,""width"":35,""height"":59}","{}"
[www.shutterstock.com][253]asian-man-wearing-surgical-face-260nw-1650013177.jpg,6811,"{}",1,0,"{""name"":""rect"",""x"":60,""y"":3,""width"":38,""height"":53}","{}"
[www.shutterstock.com][253]concept-coronavirus-quarantine-merscov-novel-260nw-1626744397.jpg,6908,"{}",1,0,"{""name"":""rect"",""x"":5,""y"":0,""width"":53,""height"":56}","{}"
[www.shutterstock.com][256]african-american-man-out-about-260nw-1684903018.jpg,7225,"{}",1,0,"{""name"":""rect"",""x"":31,""y"":19,""width"":31,""height"":42}","{}"
[www.shutterstock.com][259]woman-wearing-face-mask-protect-260nw-1633129744.jpg,5560,"{}",1,0,"{""name"":""rect"",""x"":44,""y"":3,""width"":38,""height"":66}","{}"
[www.shutterstock.com][262]handsomeman-wearing-face-mask-protect-260nw-1656617830.jpg,5216,"{}",1,0,"{""name"":""rect"",""x"":19,""y"":6,""width"":35,""height"":46}","{}"
[www.shutterstock.com][264]prey-future-caucasian-little-girl-260nw-1571987317.jpg,4358,"{}",1,0,"{""name"":""rect"",""x"":45,""y"":9,""width"":35,""height"":46}","{}"
[www.shutterstock.com][267]woman-wearing-face-mask-against-260nw-1684038535.jpg,6440,"{}",1,0,"{""name"":""rect"",""x"":11,""y"":1,""width"":70,""height"":82}","{}"
[www.shutterstock.com][269]handsomeman-wearing-face-mask-protect-260nw-1634085748.jpg,5949,"{}",1,0,"{""name"":""rect"",""x"":57,""y"":9,""width"":25,""height"":39}","{}"
[www.shutterstock.com][270]selective-focus-man-medical-masks-260nw-1641453220.jpg,6042,"{}",1,0,"{""name"":""rect"",""x"":32,""y"":2,""width"":61,""height"":85}","{}"
[www.shutterstock.com][271]african-american-man-out-about-260nw-1684903033.jpg,7460,"{}",1,0,"{""name"":""rect"",""x"":21,""y"":5,""width"":63,""height"":72}","{}"
[www.shutterstock.com][272]woman-wearing-face-mask-protect-260nw-1617218572.jpg,5757,"{}",1,0,"{""name"":""rect"",""x"":39,""y"":18,""width"":37,""height"":40}","{}"
[www.shutterstock.com][273]coronavirus-air-pollution-pm25-conceptlittle-260nw-1628126794.jpg,5197,"{}",1,0,"{""name"":""rect"",""x"":27,""y"":3,""width"":41,""height"":58}","{}"
[www.shutterstock.com][274]asian-woman-using-mask-protect-260nw-1313386520.jpg,4580,"{}",1,0,"{""name"":""rect"",""x"":36,""y"":25,""width"":29,""height"":35}","{}"
[www.shutterstock.com][275]woman-wearing-face-mask-protect-260nw-1619066029.jpg,5416,"{}",1,0,"{""name"":""rect"",""x"":33,""y"":35,""width"":35,""height"":45}","{}"
[www.shutterstock.com][275]worried-child-wearing-protective-face-260nw-211543714.jpg,6402,"{}",1,0,"{""name"":""rect"",""x"":14,""y"":0,""width"":48,""height"":72}","{}"
[www.shutterstock.com][276]girl-young-woman-protective-sterile-260nw-1678834621.jpg,8704,"{}",1,0,"{""name"":""rect"",""x"":16,""y"":5,""width"":80,""height"":59}","{}"
[www.shutterstock.com][277]portrait-asian-boy-3-years-260nw-1673642758.jpg,6343,"{}",1,0,"{""name"":""rect"",""x"":32,""y"":17,""width"":43,""height"":50}","{}"
[www.shutterstock.com][278]concept-air-pollution-asian-young-260nw-441370522.jpg,4976,"{}",1,0,"{""name"":""rect"",""x"":14,""y"":11,""width"":68,""height"":69}","{}"
[www.shutterstock.com][279]young-boy-wearing-face-mask-260nw-656937373.jpg,7716,"{}",1,0,"{""name"":""rect"",""x"":3,""y"":1,""width"":62,""height"":78}","{}"
[www.shutterstock.com][282]schoolgirl-wearing-protective-face-mask-260nw-1682176453.jpg,4827,"{}",1,0,"{""name"":""rect"",""x"":19,""y"":13,""width"":42,""height"":38}","{}"
[www.shutterstock.com][284]african-american-man-wearing-face-260nw-1684870042.jpg,6206,"{}",1,0,"{""name"":""rect"",""x"":19,""y"":23,""width"":28,""height"":26}","{}"
[www.shutterstock.com][285]handsomeman-wearing-face-mask-protect-260nw-1643082718.jpg,6055,"{}",1,0,"{""name"":""rect"",""x"":40,""y"":8,""width"":54,""height"":52}","{}"
[www.shutterstock.com][287]coronavirus-masked-woman-studio-portrait-260nw-1683594601.jpg,4532,"{}",1,0,"{""name"":""rect"",""x"":11,""y"":2,""width"":67,""height"":91}","{}"
[www.shutterstock.com][287]handsomeman-wearing-face-mask-protect-260nw-1634085745.jpg,6384,"{}",1,0,"{""name"":""rect"",""x"":40,""y"":8,""width"":50,""height"":60}","{}"
[www.shutterstock.com][288]woman-wearing-hygiene-protective-mask-260nw-1673364760.jpg,4456,"{}",1,0,"{""name"":""rect"",""x"":38,""y"":6,""width"":50,""height"":56}","{}"
[www.shutterstock.com][289]asia-woman-aseptic-medical-mask-260nw-1678495333.jpg,3780,"{}",1,0,"{""name"":""rect"",""x"":24,""y"":9,""width"":45,""height"":61}","{}"
[www.shutterstock.com][289]face-maskwearing-woman-fear-eye-260nw-196158521.jpg,4710,"{}",1,0,"{""name"":""rect"",""x"":0,""y"":1,""width"":64,""height"":93}","{}"
[www.shutterstock.com][291]child-wearing-face-mask-260nw-747581188.jpg,2953,"{}",0,0,"{}","{}"
[www.shutterstock.com][293]portrait-mature-man-wearing-protective-260nw-1680471565.jpg,6061,"{}",0,0,"{}","{}"
[www.shutterstock.com][295]portrait-young-tourist-woman-wearing-260nw-1089378539.jpg,6391,"{}",0,0,"{}","{}"
[www.shutterstock.com][297]hygienic-mask-woman-wear-dust-260nw-1610335150.jpg,4370,"{}",0,0,"{}","{}"
[www.shutterstock.com][297]schoolgirl-wearing-protective-face-mask-260nw-1682173693.jpg,6062,"{}",0,0,"{}","{}"
[www.shutterstock.com][298]portrait-young-boy-short-hair-260nw-1029897874.jpg,4787,"{}",0,0,"{}","{}"
[www.shutterstock.com][298]studio-portrait-asia-young-woman-260nw-1671759601.jpg,4698,"{}",0,0,"{}","{}"
[www.shutterstock.com][299]covid19-air-pollution-pm25-conceptlittle-260nw-1630142419.jpg,4950,"{}",0,0,"{}","{}"
[www.shutterstock.com][301]woman-n95-mask-isolated-on-260nw-129521510.jpg,4712,"{}",0,0,"{}","{}"
[www.shutterstock.com][302]handsomeman-wearing-face-mask-protect-260nw-1633121728.jpg,6278,"{}",0,0,"{}","{}"
[www.shutterstock.com][302]portrait-african-american-man-out-260nw-1684870033.jpg,6438,"{}",0,0,"{}","{}"
[www.shutterstock.com][302]sick-asian-child-girl-hygienic-260nw-1681096057.jpg,7491,"{}",0,0,"{}","{}"
[www.shutterstock.com][303]portrait-mature-man-wearing-protective-260nw-1680471562.jpg,6155,"{}",0,0,"{}","{}"
[www.shutterstock.com][303]sick-woman-medical-mask-260nw-573708325.jpg,6663,"{}",0,0,"{}","{}"
[www.shutterstock.com][307]asian-men-wear-n95-masks-260nw-1686453286.jpg,3764,"{}",0,0,"{}","{}"
[www.shutterstock.com][307]woman-wearing-hygiene-protective-mask-260nw-1673364769.jpg,5405,"{}",0,0,"{}","{}"
[www.shutterstock.com][309]asia-woman-wearing-black-face-260nw-1672385005.jpg,5330,"{}",0,0,"{}","{}"
[www.shutterstock.com][309]person-wearing-protective-mask-against-260nw-359421086.jpg,8054,"{}",0,0,"{}","{}"
[www.shutterstock.com][311]female-wearing-medical-protective-mask-260nw-1666273966.jpg,6880,"{}",0,0,"{}","{}"
[www.shutterstock.com][312]handsomeman-wearing-face-mask-protect-260nw-1656617827.jpg,5944,"{}",0,0,"{}","{}"
[www.shutterstock.com][312]mixed-race-asian-caucasian-6-260nw-1635038518.jpg,5954,"{}",0,0,"{}","{}"
[www.shutterstock.com][313]couch-medium.jpg,4494,"{}",0,0,"{}","{}"
[www.shutterstock.com][314]handsomeman-wearing-face-mask-protect-260nw-1656617839.jpg,6879,"{}",0,0,"{}","{}"
[www.shutterstock.com][314]woman-wearing-face-mask-protect-260nw-1619066026.jpg,7418,"{}",0,0,"{}","{}"
[www.shutterstock.com][316]handsomeman-wearing-face-mask-protect-260nw-1647588091.jpg,5587,"{}",0,0,"{}","{}"
[www.shutterstock.com][316]protect-self-virus-asian-woman-260nw-1660830553.jpg,5061,"{}",0,0,"{}","{}"
[www.shutterstock.com][316]woman-wearing-face-mask-protect-260nw-1642003435.jpg,7635,"{}",0,0,"{}","{}"
[www.shutterstock.com][318]woman-wearing-face-mask-during-260nw-1672778686.jpg,6419,"{}",0,0,"{}","{}"
[www.shutterstock.com][324]close-view-african-american-man-260nw-1684929193.jpg,6523,"{}",0,0,"{}","{}"
[www.shutterstock.com][324]woman-wearing-face-mask-protect-260nw-1655578132.jpg,6624,"{}",0,0,"{}","{}"
[www.shutterstock.com][324]young-man-background-open-air-260nw-1671464413.jpg,5359,"{}",0,0,"{}","{}"
[www.shutterstock.com][328]beautiful-girl-puts-on-face-260nw-750927955.jpg,6681,"{}",0,0,"{}","{}"
[www.shutterstock.com][333]asian-men-wear-n95-masks-260nw-1685338006.jpg,4049,"{}",0,0,"{}","{}"
[www.shutterstock.com][333]handsomeman-wearing-face-mask-protect-260nw-1634085751.jpg,6366,"{}",0,0,"{}","{}"
[www.shutterstock.com][335]handsomeman-wearing-face-mask-protect-260nw-1634085742.jpg,6341,"{}",0,0,"{}","{}"
[www.shutterstock.com][335]young-man-wearing-face-mask-260nw-74345842.jpg,8028,"{}",0,0,"{}","{}"
[www.shutterstock.com][336]african-american-man-wearing-face-260nw-1684834318.jpg,6431,"{}",0,0,"{}","{}"
[www.shutterstock.com][337]schoolgirl-wearing-protective-face-mask-260nw-1682173696.jpg,5933,"{}",0,0,"{}","{}"
[www.shutterstock.com][338]asian-man-wearing-n95-mask-260nw-1676202376.jpg,5456,"{}",0,0,"{}","{}"
[www.shutterstock.com][338]woman-wearing-hygiene-protective-mask-260nw-1673364778.jpg,4674,"{}",0,0,"{}","{}"
[www.shutterstock.com][339]portrait-african-american-man-out-260nw-1684870006.jpg,7057,"{}",0,0,"{}","{}"
[www.shutterstock.com][341]coronavirus-masked-woman-looking-away-260nw-1670808547.jpg,3661,"{}",0,0,"{}","{}"
[www.shutterstock.com][341]portrait-woman-walking-on-street-260nw-496944622.jpg,6949,"{}",0,0,"{}","{}"
[www.shutterstock.com][341]white-protective-mask-on-young-260nw-89825521.jpg,7039,"{}",0,0,"{}","{}"
[www.shutterstock.com][344]covid19-air-pollution-pm25-conceptlittle-260nw-1658473240.jpg,7254,"{}",0,0,"{}","{}"
[www.shutterstock.com][347]girl-mask-protect-her-corona-260nw-1654784125.jpg,8173,"{}",0,0,"{}","{}"
[www.shutterstock.com][351]women-luggage-trolley-wearing-medical-260nw-1633702156.jpg,8256,"{}",0,0,"{}","{}"
[www.shutterstock.com][352]handsomeman-wearing-face-mask-protect-260nw-1674034900.jpg,6753,"{}",0,0,"{}","{}"
[www.shutterstock.com][354]concept-air-pollution-asian-young-260nw-414652942.jpg,4634,"{}",0,0,"{}","{}"
[www.shutterstock.com][357]woman-wearing-hygiene-protective-mask-260nw-1673364820.jpg,4763,"{}",0,0,"{}","{}"
[www.shutterstock.com][360]woman-wearing-face-mask-protect-260nw-1624109371.jpg,4898,"{}",0,0,"{}","{}"
[www.shutterstock.com][361]asian-woman-suffer-cough-face-260nw-1636950832.jpg,5723,"{}",0,0,"{}","{}"
[www.shutterstock.com][365]handsomeman-wearing-face-mask-protect-260nw-1647588085.jpg,5608,"{}",0,0,"{}","{}"
[www.shutterstock.com][365]sick-man-runny-nose-caucasian-260nw-1411611596.jpg,6475,"{}",0,0,"{}","{}"
[www.shutterstock.com][366]asian-woman-going-work-wears-260nw-1506907316.jpg,6580,"{}",0,0,"{}","{}"
[www.shutterstock.com][366]man-coughing-wearing-face-mask-260nw-1623622657.jpg,6591,"{}",0,0,"{}","{}"
[www.shutterstock.com][367]coronavirus-air-pollution-pm25-conceptlittle-260nw-1636873171.jpg,5260,"{}",0,0,"{}","{}"
[www.shutterstock.com][368]asia-woman-aseptic-medical-mask-260nw-1680091714.jpg,3355,"{}",0,0,"{}","{}"
[www.shutterstock.com][370]handsomeman-wearing-face-mask-protect-260nw-1659278560.jpg,6219,"{}",0,0,"{}","{}"
[www.shutterstock.com][371]woman-wearing-hygiene-protective-mask-260nw-1673365696.jpg,4760,"{}",0,0,"{}","{}"
[www.shutterstock.com][372]woman-wearing-face-mask-protect-260nw-1608159031.jpg,6772,"{}",0,0,"{}","{}"
[www.shutterstock.com][373]asian-business-woman-wearing-protective-260nw-1519983128.jpg,7185,"{}",0,0,"{}","{}"
[www.shutterstock.com][373]asian-woman-wear-face-mask-260nw-269500514.jpg,5420,"{}",0,0,"{}","{}"
[www.shutterstock.com][374]sick-asian-child-girl-hygienic-260nw-1681096060.jpg,6950,"{}",0,0,"{}","{}"
[www.shutterstock.com][378]closeup-girl-protective-mask-260nw-74195134.jpg,5195,"{}",0,0,"{}","{}"
[www.shutterstock.com][379]woman-wearing-face-mask-protect-260nw-1676387827.jpg,4903,"{}",0,0,"{}","{}"
[www.shutterstock.com][382]asian-little-child-girl-wearing-260nw-1641649387.jpg,5392,"{}",0,0,"{}","{}"
[www.shutterstock.com][382]studio-portrait-adult-woman-face-260nw-1684977328.jpg,5223,"{}",0,0,"{}","{}"
[www.shutterstock.com][383]asian-woman-going-work-wears-260nw-1507286864.jpg,6070,"{}",0,0,"{}","{}"
[www.shutterstock.com][383]pretty-asian-woman-wearing-face-260nw-47970592.jpg,7139,"{}",0,0,"{}","{}"
[www.shutterstock.com][386]african-american-man-out-about-260nw-1684929217.jpg,7845,"{}",0,0,"{}","{}"
[www.shutterstock.com][392]handsomeman-wearing-face-mask-protect-260nw-1643082712.jpg,5587,"{}",0,0,"{}","{}"
[www.shutterstock.com][393]asian-women-wearing-white-n95-260nw-1677906004.jpg,5593,"{}",0,0,"{}","{}"
[www.shutterstock.com][393]ill-man-eyeglasses-feeling-sick-260nw-1349403404.jpg,7484,"{}",0,0,"{}","{}"
[www.shutterstock.com][393]young-woman-face-mask-street-260nw-1656993832.jpg,6900,"{}",0,0,"{}","{}"
[www.shutterstock.com][399]asian-kid-girl-age-7-260nw-1095252443.jpg,3667,"{}",0,0,"{}","{}"
[www.shutterstock.com][399]concept-coronavirus-quarantine-merscov-novel-260nw-1686926470.jpg,7290,"{}",0,0,"{}","{}"
[www.shutterstock.com][401]coronavirus-air-pollution-pm25-concept-260nw-1676819263.jpg,6138,"{}",0,0,"{}","{}"
[www.shutterstock.com][402]stressed-worried-child-girl-wearing-260nw-1661247484.jpg,7802,"{}",0,0,"{}","{}"
[www.shutterstock.com][403]african-american-man-out-about-260nw-1684903006.jpg,6607,"{}",0,0,"{}","{}"
[www.shutterstock.com][403]asian-woman-wearing-facial-mask-260nw-1636757782.jpg,5255,"{}",0,0,"{}","{}"
[www.shutterstock.com][405]african-american-man-wearing-red-260nw-1684929163.jpg,6959,"{}",0,0,"{}","{}"
[www.shutterstock.com][405]young-woman-wearing-protective-mask-260nw-1036968919.jpg,6438,"{}",0,0,"{}","{}"
[www.shutterstock.com][410]portrait-asian-beautiful-happy-young-260nw-1683406693.jpg,4604,"{}",0,0,"{}","{}"
[www.shutterstock.com][412]woman-wearing-face-mask-protect-260nw-1636288927.jpg,6695,"{}",0,0,"{}","{}"
[www.shutterstock.com][412]woman-wearing-face-mask-protect-260nw-1676125852.jpg,6415,"{}",0,0,"{}","{}"
[www.shutterstock.com][413]african-american-man-wearing-red-260nw-1684929220.jpg,6335,"{}",0,0,"{}","{}"
[www.shutterstock.com][414]handsomeman-wearing-face-mask-protect-260nw-1643082706.jpg,7064,"{}",0,0,"{}","{}"
[www.shutterstock.com][414]peolple-wearing-face-mask-protect-260nw-1659891463.jpg,4846,"{}",0,0,"{}","{}"
[www.shutterstock.com][414]pretty-asian-woman-wearing-face-260nw-47970598.jpg,6543,"{}",0,0,"{}","{}"
[www.shutterstock.com][414]woman-wearing-hygiene-protective-mask-260nw-1671915538.jpg,7033,"{}",0,0,"{}","{}"
[www.shutterstock.com][417]coronavirus-covid-2019-young-woman-260nw-1657907284.jpg,6831,"{}",0,0,"{}","{}"
[www.shutterstock.com][417]photo-blond-female-wearing-respirator-260nw-82668229.jpg,7503,"{}",0,0,"{}","{}"
[www.shutterstock.com][419]closeup-caucasian-man-face-wearing-260nw-1686404191.jpg,3582,"{}",0,0,"{}","{}"
[www.shutterstock.com][420]man-wearing-mask-protection-airport-260nw-1632559495.jpg,6407,"{}",0,0,"{}","{}"
[www.shutterstock.com][422]woman-mask-outdoor-air-pollution-260nw-1673804167.jpg,7103,"{}",0,0,"{}","{}"
[www.shutterstock.com][423]asian-man-wearing-surgical-mask-260nw-1677692191.jpg,4759,"{}",0,0,"{}","{}"
[www.shutterstock.com][423]man-stop-epidemic-please-spreading-260nw-1679465080.jpg,3986,"{}",0,0,"{}","{}"
[www.shutterstock.com][424]woman-wearing-face-mask-protect-260nw-1627533526.jpg,6786,"{}",0,0,"{}","{}"
[www.shutterstock.com][425]home-quarantine-selfisolation-because-coronavirus-260nw-1682858320.jpg,6671,"{}",0,0,"{}","{}"
[www.shutterstock.com][426]portrait-asian-beautiful-happy-young-260nw-1662787048.jpg,5375,"{}",0,0,"{}","{}"
[www.shutterstock.com][427]sick-man-hood-sitting-alone-260nw-1630096657.jpg,6029,"{}",0,0,"{}","{}"
[www.shutterstock.com][428]confident-young-student-wearing-face-260nw-1681758811.jpg,7239,"{}",0,0,"{}","{}"
[www.shutterstock.com][428]studio-portrait-adult-woman-face-260nw-1686249964.jpg,5239,"{}",0,0,"{}","{}"
[www.shutterstock.com][429]asian-woman-wear-protective-face-260nw-1068583082.jpg,7207,"{}",0,0,"{}","{}"
[www.shutterstock.com][431]woman-use-mask-wear-face-260nw-1682301763.jpg,4334,"{}",0,0,"{}","{}"
[www.shutterstock.com][432]long-haired-thai-girl-wearing-260nw-1632796093.jpg,7047,"{}",0,0,"{}","{}"
[www.shutterstock.com][434]african-american-man-out-about-260nw-1684903066.jpg,6618,"{}",0,0,"{}","{}"
[www.shutterstock.com][434]cant-breathe-caucasian-man-wearing-260nw-1574233162.jpg,3909,"{}",0,0,"{}","{}"
[www.shutterstock.com][434]ill-man-glasses-feeling-sick-260nw-1355109323.jpg,7512,"{}",0,0,"{}","{}"
[www.shutterstock.com][440]african-american-man-out-about-260nw-1684903015.jpg,7425,"{}",0,0,"{}","{}"
[www.shutterstock.com][440]business-woman-wearing-face-mask-260nw-542944924.jpg,4207,"{}",0,0,"{}","{}"
[www.shutterstock.com][440]close-young-woman-wearing-protective-260nw-645938848.jpg,6478,"{}",0,0,"{}","{}"
[www.shutterstock.com][441]girl-young-woman-protective-sterile-260nw-1678834612.jpg,7699,"{}",0,0,"{}","{}"
[www.shutterstock.com][442]pretty-asian-woman-wearing-face-260nw-43951642.jpg,7114,"{}",0,0,"{}","{}"
[www.shutterstock.com][443]woman-wearing-face-mask-protect-260nw-1655578135.jpg,6993,"{}",0,0,"{}","{}"
[www.shutterstock.com][446]woman-wearing-face-mask-protect-260nw-1687211500.jpg,4227,"{}",0,0,"{}","{}"
[www.shutterstock.com][449]asian-man-wearing-face-mask-260nw-1550613353.jpg,6174,"{}",0,0,"{}","{}"
[www.shutterstock.com][450]portrait-young-tourist-woman-wearing-260nw-1089378512.jpg,6523,"{}",0,0,"{}","{}"
[www.shutterstock.com][451]young-man-wearing-medical-face-260nw-1658686588.jpg,7298,"{}",0,0,"{}","{}"
[www.shutterstock.com][455]asian-man-suffer-cough-face-260nw-1640303209.jpg,6687,"{}",0,0,"{}","{}"
[www.shutterstock.com][455]woman-wearing-face-mask-protect-260nw-1642003444.jpg,7320,"{}",0,0,"{}","{}"
[www.shutterstock.com][455]woman-wearing-face-mask-protect-260nw-1684697503.jpg,5619,"{}",0,0,"{}","{}"
[www.shutterstock.com][456]quarantined-lonely-woman-covid19-wearing-260nw-1667792200.jpg,4800,"{}",0,0,"{}","{}"
[www.shutterstock.com][457]kid-using-medical-face-mask-260nw-1676291200.jpg,4921,"{}",0,0,"{}","{}"
[www.shutterstock.com][458]female-wearing-anti-air-pollution-260nw-1549668971.jpg,6941,"{}",0,0,"{}","{}"
[www.shutterstock.com][464]iran-muslim-boy-hat-going-260nw-1678664563.jpg,6244,"{}",0,0,"{}","{}"
[www.shutterstock.com][465]woman-wearing-face-mask-protect-260nw-1627533538.jpg,6754,"{}",0,0,"{}","{}"
[www.shutterstock.com][466]woman-wearing-face-mask-protect-260nw-1615073239.jpg,5399,"{}",0,0,"{}","{}"
[www.shutterstock.com][471]woman-wearing-hygiene-protective-mask-260nw-1673364781.jpg,4179,"{}",0,0,"{}","{}"
[www.shutterstock.com][473]city-air-pollution-concept-woman-260nw-1649084548.jpg,6942,"{}",0,0,"{}","{}"
[www.shutterstock.com][473]woman-wearing-face-mask-protect-260nw-1633129747.jpg,8025,"{}",0,0,"{}","{}"
[www.shutterstock.com][473]young-woman-wearing-mask-catching-260nw-624965150.jpg,5109,"{}",0,0,"{}","{}"
[www.shutterstock.com][476]african-american-man-wearing-face-260nw-1684834342.jpg,7265,"{}",0,0,"{}","{}"
[www.shutterstock.com][480]woman-respiratory-mask-out-polluted-260nw-637626337.jpg,7048,"{}",0,0,"{}","{}"
[www.shutterstock.com][483]asian-woman-wear-face-mask-260nw-268930289.jpg,5576,"{}",0,0,"{}","{}"
[www.shutterstock.com][484]coronavirus-air-pollution-pm25-conceptlittle-260nw-1626279631.jpg,6226,"{}",0,0,"{}","{}"
[www.shutterstock.com][485]kid-wearing-protective-face-mask-260nw-1634938384.jpg,7095,"{}",0,0,"{}","{}"
[www.shutterstock.com][489]asian-chinese-girl-wearing-white-260nw-1676686513.jpg,5556,"{}",0,0,"{}","{}"
[www.shutterstock.com][491]asian-little-child-girl-wearing-260nw-1624106407.jpg,5217,"{}",0,0,"{}","{}"
[www.shutterstock.com][491]studio-portrait-woman-wearing-face-260nw-1656070510.jpg,5037,"{}",0,0,"{}","{}"
[www.shutterstock.com][492]asian-men-wear-n95-masks-260nw-1685338153.jpg,3600,"{}",0,0,"{}","{}"
[www.shutterstock.com][497]woman-wearing-real-antipollution-antismog-260nw-1261365844.jpg,5951,"{}",0,0,"{}","{}"
[www.shutterstock.com][498]sick-woman-wearing-mask-on-260nw-289815074.jpg,8329,"{}",0,0,"{}","{}"
[www.shutterstock.com][499]handsomeman-wearing-face-mask-protect-260nw-1656617833.jpg,6848,"{}",0,0,"{}","{}"
[www.shutterstock.com][500]woman-wearing-face-mask-protect-260nw-1627533529.jpg,7248,"{}",0,0,"{}","{}"
[www.shutterstock.com][501]man-wear-masks-air-pollution-260nw-491851705.jpg,4217,"{}",0,0,"{}","{}"
[www.shutterstock.com][503]sick-asian-child-girl-hygienic-260nw-1681096066.jpg,6849,"{}",0,0,"{}","{}"
[www.shutterstock.com][503]woman-wearing-hygiene-protective-mask-260nw-1673364790.jpg,5381,"{}",0,0,"{}","{}"
[www.shutterstock.com][504]handsomeman-wearing-face-mask-protect-260nw-1612917958.jpg,7255,"{}",0,0,"{}","{}"
[www.shutterstock.com][510]asian-female-model-wearing-green-260nw-1648836763.jpg,4878,"{}",0,0,"{}","{}"
[www.shutterstock.com][513]fires-australia-women-wearing-facial-260nw-1607385583.jpg,5708,"{}",0,0,"{}","{}"
[www.shutterstock.com][513]man-wearing-facial-hygienic-mask-260nw-564824821.jpg,3693,"{}",0,0,"{}","{}"
[www.shutterstock.com][514]asia-woman-aseptic-medical-mask-260nw-1681066612.jpg,3808,"{}",0,0,"{}","{}"
[www.shutterstock.com][518]handsomeman-wearing-face-mask-protect-260nw-1630656859.jpg,6336,"{}",0,0,"{}","{}"
[www.shutterstock.com][521]portrait-close-african-american-man-260nw-1684903024.jpg,6203,"{}",0,0,"{}","{}"
[www.shutterstock.com][522]hipster-student-wearing-protective-mask-260nw-1681758790.jpg,7021,"{}",0,0,"{}","{}"
[www.shutterstock.com][524]pollution-concept-woman-jogging-while-260nw-1361860970.jpg,7417,"{}",0,0,"{}","{}"
[www.shutterstock.com][529]woman-wearing-face-mask-protect-260nw-1655578129.jpg,7021,"{}",0,0,"{}","{}"
[www.shutterstock.com][532]middle-aged-asian-man-wearing-260nw-1634964712.jpg,7383,"{}",0,0,"{}","{}"
[www.shutterstock.com][533]japanese-woman-wears-white-mask-260nw-1570234648.jpg,6832,"{}",0,0,"{}","{}"
[www.shutterstock.com][537]asian-woman-wearing-face-mask-260nw-68341804.jpg,7818,"{}",0,0,"{}","{}"
[www.shutterstock.com][537]coronavirus-masked-woman-studio-portrait-260nw-1683594595.jpg,3871,"{}",0,0,"{}","{}"
[www.shutterstock.com][540]african-american-man-out-about-260nw-1684870054.jpg,7862,"{}",0,0,"{}","{}"
[www.shutterstock.com][540]african-american-man-out-about-260nw-1684870057.jpg,7635,"{}",0,0,"{}","{}"
[www.shutterstock.com][540]african-american-man-out-about-260nw-1684870060.jpg,8607,"{}",0,0,"{}","{}"
[www.shutterstock.com][540]flu-virus-protection-mask-protective-260nw-1334997176.jpg,6520,"{}",0,0,"{}","{}"
[www.shutterstock.com][541]asian-working-woman-stand-by-260nw-1625674348.jpg,5321,"{}",0,0,"{}","{}"
[www.shutterstock.com][541]portrait-asian-beautiful-happy-young-260nw-1661013010.jpg,4681,"{}",0,0,"{}","{}"
[www.shutterstock.com][541]woman-wearing-hygiene-protective-mask-260nw-1673364796.jpg,4623,"{}",0,0,"{}","{}"
[www.shutterstock.com][543]asian-man-wearing-face-mask-260nw-1060139183.jpg,5437,"{}",0,0,"{}","{}"
[www.shutterstock.com][543]old-asian-people-wear-surgical-260nw-1659876130.jpg,3313,"{}",0,0,"{}","{}"
[www.shutterstock.com][547]old-man-wearing-face-mask-260nw-1615154779.jpg,6100,"{}",0,0,"{}","{}"
[www.shutterstock.com][549]asian-women-throwing-face-masks-260nw-1678004314.jpg,8587,"{}",0,0,"{}","{}"
[www.shutterstock.com][549]woman-wearing-face-mask-protect-260nw-1619066023.jpg,7738,"{}",0,0,"{}","{}"
[www.shutterstock.com][550]portrait-close-african-american-man-260nw-1684903009.jpg,6993,"{}",0,0,"{}","{}"
[www.shutterstock.com][550]woman-wearing-face-mask-protect-260nw-1624103815.jpg,6928,"{}",0,0,"{}","{}"
[www.shutterstock.com][551]asian-woman-wearing-virus-protective-260nw-1638122914.jpg,7683,"{}",0,0,"{}","{}"
[www.shutterstock.com][551]portrait-kid-face-wearing-medical-260nw-1684620988.jpg,5478,"{}",0,0,"{}","{}"
[www.shutterstock.com][553]portrait-close-african-american-man-260nw-1684903024.jpg,6203,"{}",0,0,"{}","{}"
[www.shutterstock.com][554]coronavirus-outbreak-asian-woman-putting-260nw-1636542031.jpg,6063,"{}",0,0,"{}","{}"
[www.shutterstock.com][555]unhappy-sad-young-man-wearing-260nw-1680685072.jpg,4284,"{}",0,0,"{}","{}"
[www.shutterstock.com][556]concept-coronavirus-quarantine-merscov-novel-260nw-1686925528.jpg,5391,"{}",0,0,"{}","{}"
[www.shutterstock.com][557]corona-virus-woman-cleaning-her-260nw-1657524775.jpg,6245,"{}",0,0,"{}","{}"
[www.shutterstock.com][558]man-tell-people-please-stop-260nw-1679467738.jpg,4917,"{}",0,0,"{}","{}"
[www.shutterstock.com][558]woman-wearing-face-mask-protect-260nw-1642003438.jpg,6144,"{}",0,0,"{}","{}"
[www.shutterstock.com][560]woman-wearing-hygiene-protective-mask-260nw-1673364763.jpg,5292,"{}",0,0,"{}","{}"
[www.shutterstock.com][564]asian-young-woman-wearing-hygiene-260nw-1686149491.jpg,3927,"{}",0,0,"{}","{}"
[www.shutterstock.com][564]woman-wearing-face-mask-protect-260nw-1615073236.jpg,6821,"{}",0,0,"{}","{}"
[www.shutterstock.com][568]woman-wearing-face-mask-protect-260nw-1617218569.jpg,5741,"{}",0,0,"{}","{}"
[www.shutterstock.com][571]asian-woman-suffer-cough-face-260nw-1636884562.jpg,5853,"{}",0,0,"{}","{}"
[www.shutterstock.com][573]african-american-man-out-about-260nw-1684870024.jpg,7047,"{}",0,0,"{}","{}"
[www.shutterstock.com][575]kid-sit-on-car-seat-260nw-1660655281.jpg,5389,"{}",0,0,"{}","{}"
[www.shutterstock.com][576]young-woman-wearing-medical-face-260nw-1675203877.jpg,4991,"{}",0,0,"{}","{}"
[www.shutterstock.com][577]african-american-man-wearing-face-260nw-1684803823.jpg,6547,"{}",0,0,"{}","{}"
[www.shutterstock.com][577]woman-wearing-face-mask-protect-260nw-1617218566.jpg,6068,"{}",0,0,"{}","{}"
[www.shutterstock.com][580]woman-use-mask-wear-face-260nw-1679412019.jpg,4724,"{}",0,0,"{}","{}"
[www.shutterstock.com][580]woman-wearing-face-mask-protect-260nw-1615073242.jpg,6808,"{}",0,0,"{}","{}"
[www.shutterstock.com][581]asian-man-wearing-face-mask-260nw-1673055886.jpg,5404,"{}",0,0,"{}","{}"
[www.shutterstock.com][581]close-young-woman-protective-mask-260nw-645939031.jpg,7106,"{}",0,0,"{}","{}"
[www.shutterstock.com][582]african-american-man-out-about-260nw-1684870009.jpg,7924,"{}",0,0,"{}","{}"
[www.shutterstock.com][586]woman-wearing-face-mask-prevent-260nw-1662193165.jpg,4445,"{}",0,0,"{}","{}"
[www.shutterstock.com][588]asian-woman-suffer-cough-face-260nw-1636909255.jpg,6012,"{}",0,0,"{}","{}"
[www.shutterstock.com][593]asian-young-woman-pastry-shop-260nw-1685236201.jpg,3914,"{}",0,0,"{}","{}"
[www.shutterstock.com][595]girl-young-woman-protective-sterile-260nw-1634793262.jpg,6424,"{}",0,0,"{}","{}"
[www.shutterstock.com][596]confident-young-man-stylish-shirt-260nw-1681758796.jpg,6976,"{}",0,0,"{}","{}"
[www.shutterstock.com][601]preteen-boy-protection-mask-on-260nw-441056737.jpg,6510,"{}",0,0,"{}","{}"
[www.shutterstock.com][601]woman-wearing-face-mask-protect-260nw-1657699312.jpg,6042,"{}",0,0,"{}","{}"
[www.shutterstock.com][604]little-kid-wearing-mask-protect-260nw-1639591132.jpg,7096,"{}",0,0,"{}","{}"
[www.shutterstock.com][604]woman-wearing-face-mask-protect-260nw-1676125849.jpg,6091,"{}",0,0,"{}","{}"
[www.shutterstock.com][607]asian-young-woman-wearing-hygiene-260nw-1662269989.jpg,5900,"{}",0,0,"{}","{}"
[www.shutterstock.com][608]woman-wearing-face-mask-protect-260nw-1676388931.jpg,4476,"{}",0,0,"{}","{}"
[www.shutterstock.com][609]young-girl-background-building-wears-260nw-1671464464.jpg,5375,"{}",0,0,"{}","{}"
[www.shutterstock.com][610]handsomeman-wearing-face-mask-protect-260nw-1643082715.jpg,5655,"{}",0,0,"{}","{}"
[www.shutterstock.com][619]woman-wearing-protective-face-mask-260nw-1357603949.jpg,3838,"{}",0,0,"{}","{}"
[www.shutterstock.com][620]asian-woman-wearing-virus-protective-260nw-1637318569.jpg,6611,"{}",0,0,"{}","{}"
[www.shutterstock.com][621]asian-woman-suffer-cough-face-260nw-1636950841.jpg,6433,"{}",0,0,"{}","{}"
[www.shutterstock.com][623]woman-wearing-face-mask-emotional-260nw-1673917912.jpg,7052,"{}",0,0,"{}","{}"
[www.shutterstock.com][625]woman-suffer-cough-face-mask-260nw-385975117.jpg,7082,"{}",0,0,"{}","{}"
[www.shutterstock.com][626]handsomeman-wearing-face-mask-protect-260nw-1647588082.jpg,6538,"{}",0,0,"{}","{}"
[www.shutterstock.com][627]african-american-man-wearing-face-260nw-1684870036.jpg,7172,"{}",0,0,"{}","{}"
[www.shutterstock.com][627]asian-man-wearing-face-mask-260nw-1023724345.jpg,6181,"{}",0,0,"{}","{}"
[www.shutterstock.com][628]asian-woman-suffer-cough-face-260nw-1637062258.jpg,5864,"{}",0,0,"{}","{}"
[www.shutterstock.com][633]close-portrait-5-years-old-260nw-1541989670.jpg,5513,"{}",0,0,"{}","{}"
[www.shutterstock.com][633]covid19-pandemic-coronavirus-woman-city-260nw-1687120573.jpg,6509,"{}",0,0,"{}","{}"
[www.shutterstock.com][636]coronavirus-masked-woman-studio-portrait-260nw-1670788096.jpg,3268,"{}",0,0,"{}","{}"
[www.shutterstock.com][639]african-american-man-wearing-face-260nw-1684870045.jpg,7289,"{}",0,0,"{}","{}"
[www.shutterstock.com][639]hipster-man-student-wearing-protective-260nw-1681758808.jpg,6701,"{}",0,0,"{}","{}"
[www.shutterstock.com][640]asian-woman-suffer-cough-face-260nw-1637781475.jpg,5803,"{}",0,0,"{}","{}"
[www.shutterstock.com][642]woman-feeling-sick-wearing-face-260nw-394645777.jpg,8400,"{}",0,0,"{}","{}"
[www.shutterstock.com][643]portrait-asian-beautiful-happy-young-260nw-1681607854.jpg,4694,"{}",0,0,"{}","{}"
[www.shutterstock.com][644]asian-woman-suffer-cough-face-260nw-1637781484.jpg,5725,"{}",0,0,"{}","{}"
[www.shutterstock.com][645]african-american-man-out-about-260nw-1684870018.jpg,8058,"{}",0,0,"{}","{}"
[www.shutterstock.com][646]african-american-man-out-about-260nw-1684903069.jpg,6088,"{}",0,0,"{}","{}"
[www.shutterstock.com][646]asian-man-wearing-mouth-mask-260nw-337469096.jpg,4441,"{}",0,0,"{}","{}"
[www.shutterstock.com][646]coronavirus-covid19-air-pollution-pm25-260nw-1656833002.jpg,4386,"{}",0,0,"{}","{}"
[www.shutterstock.com][646]portrait-mature-man-wearing-protective-260nw-1679836753.jpg,6797,"{}",0,0,"{}","{}"
[www.shutterstock.com][646]woman-dust-mask-commuting-on-260nw-39217030.jpg,7763,"{}",0,0,"{}","{}"
[www.shutterstock.com][650]asian-child-girl-wearing-protective-260nw-1106462207.jpg,7847,"{}",0,0,"{}","{}"
[www.shutterstock.com][651]person-giving-face-mask-someone-260nw-1685107309.jpg,5444,"{}",0,0,"{}","{}"
[www.shutterstock.com][652]coronavirus-air-pollution-pm25-conceptlittle-260nw-1635949930.jpg,4624,"{}",0,0,"{}","{}"
[www.shutterstock.com][652]woman-wearing-face-mask-protect-260nw-1642003441.jpg,5717,"{}",0,0,"{}","{}"
[www.shutterstock.com][653]image-face-young-asian-man-260nw-1634235433.jpg,5726,"{}",0,0,"{}","{}"
[www.shutterstock.com][653]woman-wearing-face-mask-protect-260nw-1633129753.jpg,6145,"{}",0,0,"{}","{}"
[www.shutterstock.com][655]girl-mask-protect-her-corona-260nw-1646958649.jpg,8404,"{}",0,0,"{}","{}"
[www.shutterstock.com][655]woman-wearing-face-mask-protect-260nw-1676125843.jpg,5933,"{}",0,0,"{}","{}"
[www.shutterstock.com][659]school-girl-wearing-mouth-mask-260nw-1286103817.jpg,5843,"{}",0,0,"{}","{}"
[www.shutterstock.com][660]handsomeman-wearing-face-mask-protect-260nw-1634085754.jpg,5922,"{}",0,0,"{}","{}"
[www.shutterstock.com][667]studio-portrait-asia-young-woman-260nw-1671759598.jpg,4625,"{}",0,0,"{}","{}"
[www.shutterstock.com][668]street-portrait-man-protective-medical-260nw-1568576791.jpg,6756,"{}",0,0,"{}","{}"
[www.shutterstock.com][671]asian-woman-wearing-virus-protective-260nw-1637318575.jpg,6087,"{}",0,0,"{}","{}"
[www.shutterstock.com][671]boy-stand-outside-wearing-white-260nw-1664449456.jpg,7479,"{}",0,0,"{}","{}"
[www.shutterstock.com][673]woman-wearing-hygiene-protective-mask-260nw-1673364766.jpg,5595,"{}",0,0,"{}","{}"
[www.shutterstock.com][676]woman-wearing-hygiene-protective-mask-260nw-1673365693.jpg,4732,"{}",0,0,"{}","{}"
[www.shutterstock.com][684]woman-wearing-face-mask-protect-260nw-1615073233.jpg,7192,"{}",0,0,"{}","{}"
[www.shutterstock.com][686]asian-boy-wearing-mouth-mask-260nw-335889719.jpg,6234,"{}",0,0,"{}","{}"
[www.shutterstock.com][686]coronavirus-masked-woman-studio-portrait-260nw-1683594589.jpg,4044,"{}",0,0,"{}","{}"
[www.shutterstock.com][686]young-woman-wearing-protective-mask-260nw-1036968928.jpg,6484,"{}",0,0,"{}","{}"
[www.shutterstock.com][691]woman-wearing-face-mask-because-260nw-1281826735.jpg,5520,"{}",0,0,"{}","{}"
[www.shutterstock.com][694]ill-man-glasses-feeling-sick-260nw-1358067473.jpg,7533,"{}",0,0,"{}","{}"
[www.shutterstock.com][695]quarantine-theme-stay-home-because-260nw-1686371785.jpg,6312,"{}",0,0,"{}","{}"
[www.shutterstock.com][701]asian-young-woman-pastry-shop-260nw-1685236195.jpg,4294,"{}",0,0,"{}","{}"
[www.shutterstock.com][701]sick-woman-wear-face-mask-260nw-1645954087.jpg,7334,"{}",0,0,"{}","{}"
[www.shutterstock.com][702]stop-it-caucasian-woman-wearing-260nw-1573217839.jpg,4884,"{}",0,0,"{}","{}"
[www.shutterstock.com][702]woman-wearing-hygiene-protective-mask-260nw-1673364808.jpg,5124,"{}",0,0,"{}","{}"
[www.shutterstock.com][704]woman-wearing-face-mask-protect-260nw-1615073245.jpg,5755,"{}",0,0,"{}","{}"
[www.shutterstock.com][705]handsomeman-wearing-face-mask-protect-260nw-1633121725.jpg,6027,"{}",0,0,"{}","{}"
[www.shutterstock.com][706]child-wearing-protective-face-mask-260nw-1637853811.jpg,5554,"{}",0,0,"{}","{}"
[www.shutterstock.com][707]peolple-wearing-face-mask-protect-260nw-1659891439.jpg,6172,"{}",0,0,"{}","{}"
[www.shutterstock.com][710]asian-woman-wearing-face-mask-260nw-1587589171.jpg,6119,"{}",0,0,"{}","{}"
[www.shutterstock.com][712]cute-little-indian-girl-wearing-260nw-354993470.jpg,6703,"{}",0,0,"{}","{}"
[www.shutterstock.com][713]african-american-man-wearing-red-260nw-1684929160.jpg,7201,"{}",0,0,"{}","{}"
[www.shutterstock.com][713]image-face-young-asian-woman-260nw-1602953935.jpg,4076,"{}",0,0,"{}","{}"
[www.shutterstock.com][713]woman-city-wearing-face-mask-260nw-1650194077.jpg,7013,"{}",0,0,"{}","{}"
[www.shutterstock.com][714]asian-woman-suffer-cough-face-260nw-1636909249.jpg,6800,"{}",0,0,"{}","{}"
[www.shutterstock.com][716]african-american-man-wearing-face-260nw-1684834336.jpg,6917,"{}",0,0,"{}","{}"
[www.shutterstock.com][717]young-woman-wearing-medical-face-260nw-1680971986.jpg,5571,"{}",0,0,"{}","{}"
[www.shutterstock.com][720]sick-asian-child-girl-hygienic-260nw-1681096063.jpg,6808,"{}",0,0,"{}","{}"
[www.shutterstock.com][722]image-face-young-asian-woman-260nw-1602953935.jpg,4076,"{}",0,0,"{}","{}"
[www.shutterstock.com][725]man-wear-face-mask-look-260nw-1551973718.jpg,4253,"{}",0,0,"{}","{}"
[www.shutterstock.com][726]asian-young-man-wearing-protective-260nw-1685173645.jpg,7375,"{}",0,0,"{}","{}"
[www.shutterstock.com][726]indian-boy-wears-black-safety-260nw-1678425715.jpg,5411,"{}",0,0,"{}","{}"
[www.shutterstock.com][728]man-protects-mouth-smoking-260nw-510089464.jpg,6391,"{}",0,0,"{}","{}"
[www.shutterstock.com][732]pretty-girl-wearing-sterile-disposable-260nw-1680598378.jpg,5624,"{}",0,0,"{}","{}"
[www.shutterstock.com][735]woman-wearing-disposable-protective-face-260nw-1632719371.jpg,5643,"{}",0,0,"{}","{}"
[www.shutterstock.com][738]man-wearing-face-mask-prevent-260nw-1538193374.jpg,6040,"{}",0,0,"{}","{}"
[www.shutterstock.com][742]closeup-woman-city-wearing-face-260nw-203262814.jpg,5863,"{}",0,0,"{}","{}"
[www.shutterstock.com][743]asian-man-wearing-mouth-mask-260nw-337469090.jpg,4877,"{}",0,0,"{}","{}"
[www.shutterstock.com][743]flu-illness-child-boy-medicine-260nw-83566552.jpg,4199,"{}",0,0,"{}","{}"
[www.shutterstock.com][743]girl-mask-protect-her-corona-260nw-1670515450.jpg,6141,"{}",0,0,"{}","{}"
[www.shutterstock.com][749]european-boy-protective-mask-beijing-260nw-345085268.jpg,6824,"{}",0,0,"{}","{}"
[www.shutterstock.com][749]selective-focus-school-kid-wearing-260nw-1664480479.jpg,6066,"{}",0,0,"{}","{}"
[www.shutterstock.com][750]woman-wearing-face-mask-protect-260nw-1606264939.jpg,7224,"{}",0,0,"{}","{}"
[www.shutterstock.com][752]handsomeman-wearing-face-mask-protect-260nw-1679563849.jpg,5915,"{}",0,0,"{}","{}"
[www.shutterstock.com][752]woman-worry-about-air-pollution-260nw-391027390.jpg,8027,"{}",0,0,"{}","{}"
[www.shutterstock.com][754]asian-man-suffer-cough-face-260nw-1637781490.jpg,5982,"{}",0,0,"{}","{}"
[www.shutterstock.com][754]woman-wearing-hygiene-protective-mask-260nw-1673364817.jpg,5278,"{}",0,0,"{}","{}"
[www.shutterstock.com][758]woman-wearing-face-mask-protect-260nw-1636288936.jpg,5797,"{}",0,0,"{}","{}"
[www.shutterstock.com][762]man-wearing-real-antipollution-antismog-260nw-1526240768.jpg,5538,"{}",0,0,"{}","{}"
[www.shutterstock.com][763]cute-little-indian-boy-wearing-260nw-354993473.jpg,5340,"{}",0,0,"{}","{}"
[www.shutterstock.com][768]young-man-wearing-medical-face-260nw-1658784946.jpg,7343,"{}",0,0,"{}","{}"
[www.shutterstock.com][769]iranian-infected-man-wears-safety-260nw-1678668628.jpg,6591,"{}",0,0,"{}","{}"
[www.shutterstock.com][770]handsomeman-wearing-face-mask-protect-260nw-1656617842.jpg,5271,"{}",0,0,"{}","{}"
[www.shutterstock.com][770]woman-wearing-face-mask-protect-260nw-1617218575.jpg,7442,"{}",0,0,"{}","{}"
[www.shutterstock.com][771]asian-man-feel-depress-wears-260nw-1673792083.jpg,4276,"{}",0,0,"{}","{}"
[www.shutterstock.com][772]studio-portrait-asia-young-woman-260nw-1671766645.jpg,4329,"{}",0,0,"{}","{}"
[www.shutterstock.com][773]women-wearing-facial-hygienic-mask-260nw-564824497.jpg,3401,"{}",0,0,"{}","{}"
[www.shutterstock.com][775]african-american-man-out-about-260nw-1684903030.jpg,6402,"{}",0,0,"{}","{}"
[www.shutterstock.com][775]asian-child-girl-suffer-cough-260nw-1641779992.jpg,5807,"{}",0,0,"{}","{}"
[www.shutterstock.com][776]portrait-asian-beautiful-happy-young-260nw-1673099500.jpg,4815,"{}",0,0,"{}","{}"
[www.shutterstock.com][777]studio-portrait-asia-young-woman-260nw-1671766648.jpg,4096,"{}",0,0,"{}","{}"
[www.shutterstock.com][779]man-wearing-face-mask-due-260nw-1668481423.jpg,6196,"{}",0,0,"{}","{}"
[www.shutterstock.com][781]covid19-pandemic-coronavirus-woman-city-260nw-1687120567.jpg,6430,"{}",0,0,"{}","{}"
[www.shutterstock.com][782]woman-wearing-face-mask-protect-260nw-1633129750.jpg,6353,"{}",0,0,"{}","{}"
[www.shutterstock.com][783]asian-woman-wearing-protective-face-260nw-1627762393.jpg,7725,"{}",0,0,"{}","{}"
[www.shutterstock.com][785]studio-portrait-young-woman-wearing-260nw-1504946393.jpg,4478,"{}",0,0,"{}","{}"
[www.shutterstock.com][787]portrait-asian-beautiful-happy-young-260nw-1673193199.jpg,4183,"{}",0,0,"{}","{}"
[www.shutterstock.com][787]pretty-asian-woman-wearing-face-260nw-47970595.jpg,6848,"{}",0,0,"{}","{}"
[www.shutterstock.com][788]asian-man-wearing-surgical-face-260nw-1643716153.jpg,8070,"{}",0,0,"{}","{}"
[www.shutterstock.com][789]woman-face-mask-street-infection-260nw-1653226876.jpg,6692,"{}",0,0,"{}","{}"
[www.shutterstock.com][790]brunette-guy-black-tracksuit-puts-260nw-1685106625.jpg,5752,"{}",0,0,"{}","{}"
[www.shutterstock.com][792]asian-old-man-wearing-face-260nw-608471132.jpg,5288,"{}",0,0,"{}","{}"
[www.shutterstock.com][792]woman-wearing-face-mask-protect-260nw-1525092257.jpg,4693,"{}",0,0,"{}","{}"
[www.shutterstock.com][792]woman-wearing-face-mask-protect-260nw-1636288930.jpg,6473,"{}",0,0,"{}","{}"
[www.shutterstock.com][794]peolple-wearing-face-mask-protect-260nw-1664006239.jpg,5137,"{}",0,0,"{}","{}"
[www.shutterstock.com][795]confident-stylish-man-wearing-professional-260nw-1681951057.jpg,6120,"{}",0,0,"{}","{}"
[www.shutterstock.com][795]woman-wearing-face-mask-protect-260nw-1679631079.jpg,5004,"{}",0,0,"{}","{}"
[www.shutterstock.com][796]portrait-young-girl-walking-wearing-260nw-253118032.jpg,7152,"{}",0,0,"{}","{}"
[www.shutterstock.com][797]asia-woman-aseptic-medical-mask-260nw-1678495330.jpg,3803,"{}",0,0,"{}","{}"
[www.shutterstock.com][798]woman-wearing-face-mask-protect-260nw-1633129756.jpg,7784,"{}",0,0,"{}","{}"
[www.shutterstock.com][799]woman-mask-because-air-pollution-260nw-1373873033.jpg,7106,"{}",0,0,"{}","{}"
[www.shutterstock.com][801]asian-chinese-girl-wearing-white-260nw-1676686522.jpg,5460,"{}",0,0,"{}","{}"
[www.shutterstock.com][802]asian-woman-wearing-virus-protective-260nw-1638122920.jpg,9196,"{}",0,0,"{}","{}"
[www.shutterstock.com][803]woman-wearing-face-mask-because-260nw-1135103141.jpg,6297,"{}",0,0,"{}","{}"
[www.shutterstock.com][803]woman-wearing-face-mask-protect-260nw-1661840197.jpg,5626,"{}",0,0,"{}","{}"
[www.shutterstock.com][806]asian-woman-suffer-cough-face-260nw-1637781481.jpg,5705,"{}",0,0,"{}","{}"
[www.shutterstock.com][808]child-wearing-protective-face-mask-260nw-1679926129.jpg,6079,"{}",0,0,"{}","{}"
[www.shutterstock.com][808]woman-wearing-face-mask-protect-260nw-1677274348.jpg,4514,"{}",0,0,"{}","{}"
[www.shutterstock.com][811]asia-woman-aseptic-medical-mask-260nw-1683360142.jpg,3793,"{}",0,0,"{}","{}"
[www.shutterstock.com][811]coronavirus-covid-2019-young-woman-260nw-1657907017.jpg,7060,"{}",0,0,"{}","{}"
[www.shutterstock.com][812]asian-woman-wearing-facial-mask-260nw-1636754317.jpg,5274,"{}",0,0,"{}","{}"
[www.shutterstock.com][813]asia-woman-wearing-black-face-260nw-1672385011.jpg,5433,"{}",0,0,"{}","{}"
[www.shutterstock.com][813]woman-wearing-face-mask-protect-260nw-1636288939.jpg,7318,"{}",0,0,"{}","{}"
[www.shutterstock.com][814]asian-child-girl-student-thumbs-260nw-1627734721.jpg,8417,"{}",0,0,"{}","{}"
[www.shutterstock.com][816]asian-woman-suffer-cough-face-260nw-1636909243.jpg,5867,"{}",0,0,"{}","{}"
[www.shutterstock.com][816]handsomeman-wearing-face-mask-protect-260nw-1674034906.jpg,6021,"{}",0,0,"{}","{}"
[www.shutterstock.com][816]woman-protective-mask-walking-city-260nw-1645953238.jpg,6365,"{}",0,0,"{}","{}"
[www.shutterstock.com][820]pretty-asian-woman-wearing-face-260nw-47970604.jpg,6415,"{}",0,0,"{}","{}"
[www.shutterstock.com][823]african-american-man-out-about-260nw-1684903057.jpg,6834,"{}",0,0,"{}","{}"
[www.shutterstock.com][824]asian-woman-suffer-cough-face-260nw-1637781493.jpg,5938,"{}",0,0,"{}","{}"
[www.shutterstock.com][824]young-woman-protective-mask-feeling-260nw-598684700.jpg,5648,"{}",0,0,"{}","{}"
[www.shutterstock.com][826]asian-child-girl-suffer-cough-260nw-1648178575.jpg,6346,"{}",0,0,"{}","{}"
[www.shutterstock.com][827]handsomeman-wearing-face-mask-protect-260nw-1633121731.jpg,6709,"{}",0,0,"{}","{}"
[www.shutterstock.com][828]asian-people-wear-n95-masks-260nw-1686453094.jpg,4154,"{}",0,0,"{}","{}"
[www.shutterstock.com][831]woman-wearing-hygiene-protective-mask-260nw-1673365690.jpg,4837,"{}",0,0,"{}","{}"
[www.shutterstock.com][832]woman-wearing-face-mask-protect-260nw-1660162561.jpg,6515,"{}",0,0,"{}","{}"
[www.shutterstock.com][833]asian-woman-suffer-cough-face-260nw-1637781496.jpg,6531,"{}",0,0,"{}","{}"
[www.shutterstock.com][833]woman-wearing-mask-feeling-sick-260nw-1084909154.jpg,4530,"{}",0,0,"{}","{}"
[www.shutterstock.com][835]kids-wearing-mask-protect-them-260nw-1633216657.jpg,6849,"{}",0,0,"{}","{}"
[www.shutterstock.com][835]young-boy-masl-respiratory-protection-260nw-142938619.jpg,4454,"{}",0,0,"{}","{}"
[www.shutterstock.com][838]girl-child-medical-mask-on-260nw-768352756.jpg,4447,"{}",0,0,"{}","{}"
[www.shutterstock.com][839]portrait-confident-hipster-man-respirator-260nw-1681758787.jpg,6755,"{}",0,0,"{}","{}"
[www.shutterstock.com][842]asian-man-suffer-cough-face-260nw-1636879846.jpg,5904,"{}",0,0,"{}","{}"
[www.shutterstock.com][842]woman-wearing-face-mask-protect-260nw-1642003432.jpg,6203,"{}",0,0,"{}","{}"
[www.shutterstock.com][844]sick-child-coughing-air-pollution-260nw-1548037646.jpg,6024,"{}",0,0,"{}","{}"
[www.shutterstock.com][845]asian-young-girl-wearing-medical-260nw-1668791761.jpg,4465,"{}",0,0,"{}","{}"
[www.shutterstock.com][845]girl-young-woman-protective-sterile-260nw-1678834606.jpg,7660,"{}",0,0,"{}","{}"
[www.shutterstock.com][851]african-american-man-out-about-260nw-1684903054.jpg,8443,"{}",0,0,"{}","{}"
[www.shutterstock.com][851]sick-asian-child-girl-hygienic-260nw-1681096078.jpg,6550,"{}",0,0,"{}","{}"
[www.shutterstock.com][852]woman-wearing-face-mask-protect-260nw-1624103812.jpg,6548,"{}",0,0,"{}","{}"
[www.shutterstock.com][854]young-hipster-man-tshirt-crossed-260nw-1681758793.jpg,6869,"{}",0,0,"{}","{}"
[www.shutterstock.com][855]woman-wearing-face-mask-protect-260nw-1636288933.jpg,5572,"{}",0,0,"{}","{}"
[www.shutterstock.com][856]pm25-people-feeling-sick-air-260nw-1648398325.jpg,6339,"{}",0,0,"{}","{}"
[www.shutterstock.com][857]afraid-dangerous-ncov-2019-influenza-260nw-1673506420.jpg,7425,"{}",0,0,"{}","{}"
[www.shutterstock.com][863]woman-wearing-face-mask-protect-260nw-1657699318.jpg,7896,"{}",0,0,"{}","{}"
[www.shutterstock.com][864]young-woman-protective-mask-feeling-260nw-598684805.jpg,5193,"{}",0,0,"{}","{}"
[www.shutterstock.com][865]asian-woman-wear-protective-face-260nw-1068583088.jpg,6392,"{}",0,0,"{}","{}"
[www.shutterstock.com][865]passenger-feeling-unwell-face-mask-260nw-399184957.jpg,8878,"{}",0,0,"{}","{}"
[www.shutterstock.com][865]portrait-asian-little-girl-wear-260nw-1479273500.jpg,4539,"{}",0,0,"{}","{}"
[www.shutterstock.com][865]woman-wearing-hygiene-protective-mask-260nw-1673364799.jpg,4298,"{}",0,0,"{}","{}"
[www.shutterstock.com][866]asian-man-suffer-cough-face-260nw-1637781499.jpg,7025,"{}",0,0,"{}","{}"
[www.shutterstock.com][866]close-woman-wearing-protective-mask-260nw-1666667872.jpg,4128,"{}",0,0,"{}","{}"
[www.shutterstock.com][866]handsome-young-european-man-winter-260nw-1636641802.jpg,6913,"{}",0,0,"{}","{}"
[www.shutterstock.com][868]woman-wearing-face-mask-protect-260nw-1655578144.jpg,7064,"{}",0,0,"{}","{}"
[www.shutterstock.com][870]sick-asian-child-girl-student-260nw-1620426934.jpg,7244,"{}",0,0,"{}","{}"
[www.shutterstock.com][871]little-girl-disposable-mask-on-260nw-1639502968.jpg,4877,"{}",0,0,"{}","{}"
[www.shutterstock.com][872]woman-wearing-face-mask-protect-260nw-1671152029.jpg,4599,"{}",0,0,"{}","{}"
[www.shutterstock.com][873]coronavirus-air-pollution-pm25-conceptlittle-260nw-1626195697.jpg,4553,"{}",0,0,"{}","{}"
[www.shutterstock.com][874]woman-face-mask-protection-covid19-260nw-1640536603.jpg,5359,"{}",0,0,"{}","{}"
[www.shutterstock.com][876]african-american-man-out-about-260nw-1684870015.jpg,7231,"{}",0,0,"{}","{}"
[www.shutterstock.com][876]asian-woman-wearing-virus-protective-260nw-1637408323.jpg,6171,"{}",0,0,"{}","{}"
[www.shutterstock.com][877]african-american-man-out-about-260nw-1684929199.jpg,6418,"{}",0,0,"{}","{}"
[www.shutterstock.com][878]portrait-young-woman-wearing-face-260nw-1671963349.jpg,4411,"{}",0,0,"{}","{}"
[www.shutterstock.com][878]young-man-medical-face-mask-260nw-1658802730.jpg,7123,"{}",0,0,"{}","{}"
[www.shutterstock.com][879]african-american-man-out-about-260nw-1684834330.jpg,7729,"{}",0,0,"{}","{}"
[www.shutterstock.com][882]woman-mask-outdoor-air-pollution-260nw-1673804173.jpg,7418,"{}",0,0,"{}","{}"
[www.shutterstock.com][883]asian-senior-woman-protective-mask-260nw-1654516876.jpg,7345,"{}",0,0,"{}","{}"
[www.shutterstock.com][883]asian-woman-wearing-virus-protective-260nw-1637324080.jpg,4987,"{}",0,0,"{}","{}"
[www.shutterstock.com][884]asian-child-girl-suffer-cough-260nw-1644353107.jpg,5879,"{}",0,0,"{}","{}"
[www.shutterstock.com][884]kid-wearing-mask-dark-260nw-41466835.jpg,4459,"{}",0,0,"{}","{}"
[www.shutterstock.com][885]woman-feeling-unwell-train-station-260nw-391031590.jpg,8537,"{}",0,0,"{}","{}"
[www.shutterstock.com][885]woman-wearing-face-mask-protect-260nw-1660162564.jpg,6722,"{}",0,0,"{}","{}"
[www.shutterstock.com][886]asian-woman-suffer-cough-face-260nw-1637062264.jpg,5707,"{}",0,0,"{}","{}"
[www.shutterstock.com][887]asian-woman-wear-face-mask-260nw-373286749.jpg,6862,"{}",0,0,"{}","{}"
[www.shutterstock.com][887]woman-medical-face-mask-looks-260nw-1675192843.jpg,4884,"{}",0,0,"{}","{}"
[www.shutterstock.com][888]african-american-man-out-about-260nw-1684903036.jpg,7212,"{}",0,0,"{}","{}"
[www.shutterstock.com][888]woman-wearing-real-antipollution-antismog-260nw-1260370921.jpg,5458,"{}",0,0,"{}","{}"
[www.shutterstock.com][892]asian-child-girl-suffer-cough-260nw-1408129043.jpg,5158,"{}",0,0,"{}","{}"
[www.shutterstock.com][894]beautiful-mixed-race-woman-brazilian-260nw-1633212094.jpg,5891,"{}",0,0,"{}","{}"
[www.shutterstock.com][894]peolple-wearing-face-mask-protect-260nw-1660686367.jpg,4733,"{}",0,0,"{}","{}"
[www.shutterstock.com][894]sick-businessman-use-laptop-computer-260nw-611586509.jpg,7177,"{}",0,0,"{}","{}"
[www.shutterstock.com][894]woman-wearing-disposable-protective-face-260nw-1633571932.jpg,6535,"{}",0,0,"{}","{}"
[www.shutterstock.com][896]african-american-man-wearing-face-260nw-1684870039.jpg,6268,"{}",0,0,"{}","{}"
[www.shutterstock.com][896]young-african-woman-wearing-face-260nw-716609953.jpg,5056,"{}",0,0,"{}","{}"
[www.shutterstock.com][897]city-air-pollution-concept-close-260nw-1292437432.jpg,5892,"{}",0,0,"{}","{}"
[www.shutterstock.com][897]handsomeman-wearing-face-mask-protect-260nw-1674034903.jpg,6532,"{}",0,0,"{}","{}"
[www.shutterstock.com][898]sick-young-woman-medical-face-260nw-1662593020.jpg,4248,"{}",0,0,"{}","{}"
[www.shutterstock.com][899]young-handsome-man-walking-around-260nw-1667033644.jpg,6903,"{}",0,0,"{}","{}"
[www.shutterstock.com][906]handsomeman-wearing-face-mask-protect-260nw-1674034909.jpg,7217,"{}",0,0,"{}","{}"
[www.shutterstock.com][914]african-american-man-out-about-260nw-1684903021.jpg,7473,"{}",0,0,"{}","{}"
[www.shutterstock.com][914]detail-unrecognizable-woman-face-wearing-260nw-1685265460.jpg,6687,"{}",0,0,"{}","{}"
[www.shutterstock.com][917]african-american-man-out-about-260nw-1684903063.jpg,7386,"{}",0,0,"{}","{}"
[www.shutterstock.com][923]woman-wearing-face-mask-because-260nw-1135103138.jpg,5624,"{}",0,0,"{}","{}"
[www.shutterstock.com][927]woman-wearing-face-mask-protect-260nw-1623040429.jpg,6107,"{}",0,0,"{}","{}"
[www.shutterstock.com][929]portrait-mature-woman-face-protective-260nw-1684977331.jpg,4939,"{}",0,0,"{}","{}"
[www.shutterstock.com][931]asian-woman-wearing-protective-face-260nw-166100954.jpg,6682,"{}",0,0,"{}","{}"
[www.shutterstock.com][931]portrait-business-man-medical-face-260nw-1679003461.jpg,5551,"{}",0,0,"{}","{}"
[www.shutterstock.com][932]woman-wearing-hygiene-protective-mask-260nw-1671915541.jpg,6912,"{}",0,0,"{}","{}"
[www.shutterstock.com][933]asian-man-wearing-face-mask-260nw-1671975703.jpg,5171,"{}",0,0,"{}","{}"
[www.shutterstock.com][933]asian-young-woman-wearing-hygiene-260nw-1686149488.jpg,4093,"{}",0,0,"{}","{}"
[www.shutterstock.com][933]portrait-asian-children-girl-wear-260nw-1626276460.jpg,5936,"{}",0,0,"{}","{}"
[www.shutterstock.com][934]woman-wearing-face-mask-protect-260nw-1627533532.jpg,6862,"{}",0,0,"{}","{}"
[www.shutterstock.com][937]art-fashion-redhead-woman-medical-260nw-1139800994.jpg,4567,"{}",0,0,"{}","{}"
[www.shutterstock.com][939]coronavirus-woman-office-sick-mask-260nw-1657529263.jpg,6524,"{}",0,0,"{}","{}"
[www.shutterstock.com][939]indian-boy-wears-safety-face-260nw-1678425700.jpg,6970,"{}",0,0,"{}","{}"
[www.shutterstock.com][939]man-wearing-facial-hygienic-mask-260nw-564824824.jpg,4469,"{}",0,0,"{}","{}"
[www.shutterstock.com][939]young-man-protective-face-mask-260nw-1681758802.jpg,6466,"{}",0,0,"{}","{}"
[www.shutterstock.com][940]dust-contamination-healthcare-air-pollution-260nw-1305599830.jpg,6143,"{}",0,0,"{}","{}"
[www.shutterstock.com][945]woman-wearing-face-mask-protect-260nw-1606264933.jpg,6429,"{}",0,0,"{}","{}"
[www.shutterstock.com][945]woman-wearing-face-mask-protect-260nw-1676125855.jpg,6110,"{}",0,0,"{}","{}"
[www.shutterstock.com][949]african-american-man-wearing-face-260nw-1684834324.jpg,5697,"{}",0,0,"{}","{}"
[www.shutterstock.com][950]asian-little-child-girl-wearing-260nw-1649447827.jpg,5397,"{}",0,0,"{}","{}"
[www.shutterstock.com][950]young-asian-man-living-city-260nw-1129202138.jpg,8086,"{}",0,0,"{}","{}"
[www.shutterstock.com][952]asian-young-woman-wearing-hygiene-260nw-1686149485.jpg,3970,"{}",0,0,"{}","{}"
[www.shutterstock.com][952]beautiful-woman-wearing-mask-on-260nw-1596491287.jpg,6703,"{}",0,0,"{}","{}"
[www.shutterstock.com][952]wearing-safety-equipment-men-glasses-260nw-474899128.jpg,5975,"{}",0,0,"{}","{}"
[www.shutterstock.com][953]woman-wearing-face-mask-protect-260nw-1661682265.jpg,4587,"{}",0,0,"{}","{}"
[www.shutterstock.com][954]girl-young-woman-protective-sterile-260nw-1678834615.jpg,8569,"{}",0,0,"{}","{}"
[www.shutterstock.com][958]african-american-man-out-about-260nw-1684870012.jpg,7134,"{}",0,0,"{}","{}"
[www.shutterstock.com][959]portrait-sick-asian-man-wear-260nw-1427944925.jpg,3907,"{}",0,0,"{}","{}"
[www.shutterstock.com][964]asian-man-suffer-cough-face-260nw-1640303206.jpg,7210,"{}",0,0,"{}","{}"
[www.shutterstock.com][966]portrait-asian-beautiful-happy-young-260nw-1673193193.jpg,4269,"{}",0,0,"{}","{}"
[www.shutterstock.com][967]african-american-man-out-about-260nw-1684929211.jpg,7682,"{}",0,0,"{}","{}"
[www.shutterstock.com][967]woman-wearing-face-mask-260nw-479131486.jpg,4424,"{}",0,0,"{}","{}"
[www.shutterstock.com][970]studio-portrait-asia-young-woman-260nw-1671759607.jpg,4519,"{}",0,0,"{}","{}"
[www.shutterstock.com][973]asian-senior-woman-suffer-cough-260nw-1399949804.jpg,5360,"{}",0,0,"{}","{}"
[www.shutterstock.com][977]asian-man-wearing-face-mask-260nw-1673055880.jpg,5228,"{}",0,0,"{}","{}"
[www.shutterstock.com][977]little-boy-medicine-healthcare-mask-260nw-554963338.jpg,5543,"{}",0,0,"{}","{}"
[www.shutterstock.com][977]man-hood-mask-protect-him-260nw-1651198468.jpg,5855,"{}",0,0,"{}","{}"
[www.shutterstock.com][978]handsomeman-wearing-face-mask-protect-260nw-1659278569.jpg,5117,"{}",0,0,"{}","{}"
[www.shutterstock.com][978]woman-wearing-face-mask-protect-260nw-1655578147.jpg,6791,"{}",0,0,"{}","{}"
[www.shutterstock.com][979]african-american-man-out-about-260nw-1684870027.jpg,7744,"{}",0,0,"{}","{}"
[www.shutterstock.com][979]woman-wear-protective-face-mask-260nw-1671963409.jpg,4625,"{}",0,0,"{}","{}"
[www.shutterstock.com][981]woman-wearing-face-mask-protect-260nw-1617218563.jpg,7152,"{}",0,0,"{}","{}"
[www.shutterstock.com][982]asian-child-girl-suffer-coughsneeze-260nw-1644639580.jpg,8086,"{}",0,0,"{}","{}"
[www.shutterstock.com][983]man-white-mask-because-air-260nw-1389076583.jpg,4939,"{}",0,0,"{}","{}"
[www.shutterstock.com][984]cute-little-indian-boy-wearing-260nw-355270004.jpg,4786,"{}",0,0,"{}","{}"
[www.shutterstock.com][984]woman-wearing-face-mask-protect-260nw-1684697500.jpg,5586,"{}",0,0,"{}","{}"
[www.shutterstock.com][985]woman-wearing-face-mask-protect-260nw-1679352589.jpg,7233,"{}",0,0,"{}","{}"
[www.shutterstock.com][987]child-wearing-face-mask-260nw-747581161.jpg,3268,"{}",0,0,"{}","{}"
[www.shutterstock.com][987]closeup-caucasian-man-face-wearing-260nw-1686404644.jpg,3842,"{}",0,0,"{}","{}"
[www.shutterstock.com][989]woman-wearing-face-mask-city-260nw-203305468.jpg,6432,"{}",0,0,"{}","{}"
[www.shutterstock.com][990]african-american-man-wearing-face-260nw-1684870048.jpg,6580,"{}",0,0,"{}","{}"
[www.shutterstock.com][990]closeup-asian-face-little-children-260nw-1648416553.jpg,4962,"{}",0,0,"{}","{}"
[www.shutterstock.com][990]concept-coronavirus-quarantine-merscov-novel-260nw-1686926473.jpg,6762,"{}",0,0,"{}","{}"
[www.shutterstock.com][992]woman-wearing-face-mask-emotional-260nw-1673917903.jpg,6986,"{}",0,0,"{}","{}"
[www.shutterstock.com][993]asian-thai-woman-wearing-n95-260nw-1285001824.jpg,5474,"{}",0,0,"{}","{}"
[www.shutterstock.com][995]woman-wearing-face-mask-protect-260nw-1624109368.jpg,4519,"{}",0,0,"{}","{}"
[www.shutterstock.com][996]asian-men-wear-n95-masks-260nw-1679532721.jpg,3769,"{}",0,0,"{}","{}"
[www.shutterstock.com][999]handsomeman-wearing-face-mask-protect-260nw-1647588079.jpg,7615,"{}",0,0,"{}","{}"
[www.shutterstock.com][999]studio-portrait-asia-young-woman-260nw-1671759604.jpg,4487,"{}",0,0,"{}","{}"